This is XeTeX, Version 3.141592653-2.6-0.999995 (TeX Live 2023) (preloaded format=xelatex 2023.9.3)  14 AUG 2026 19:30
entering extended mode
 restricted \write18 enabled.
 %&-line parsing enabled.
**Analysis_1_zou.tex
(./Analysis_1_zou.tex
LaTeX2e <2022-11-01> patch level 1
L3 programming layer <2023-02-22> (./qbook.cls
Document Class: qbook 2019/05/16 v2.01 Qbook Template
(d:/texlive/2023/texmf-dist/tex/latex/ctex/ctexbook.cls
(d:/texlive/2023/texmf-dist/tex/latex/ctex/config/ctexbackend.cfg
File: ctexbackend.cfg 2022/07/14 v2.5.10 Backend configuration file (CTEX)
)
(d:/texlive/2023/texmf-dist/tex/latex/l3kernel/expl3.sty
Package: expl3 2023-02-22 L3 programming layer (loader) 

(d:/texlive/2023/texmf-dist/tex/latex/l3backend/l3backend-xetex.def
File: l3backend-xetex.def 2023-01-16 L3 backend support: XeTeX
\g__graphics_track_int=\count181
\l__pdf_internal_box=\box51
\g__pdf_backend_object_int=\count182
\g__pdf_backend_annotation_int=\count183
\g__pdf_backend_link_int=\count184
))
Document Class: ctexbook 2022/07/14 v2.5.10 Chinese adapter for class book (CTE
X)
(d:/texlive/2023/texmf-dist/tex/latex/ctex/ctexhook.sty
Package: ctexhook 2022/07/14 v2.5.10 Document and package hooks (CTEX)
)
(d:/texlive/2023/texmf-dist/tex/latex/ctex/ctexpatch.sty
Package: ctexpatch 2022/07/14 v2.5.10 Patching commands (CTEX)
)
(d:/texlive/2023/texmf-dist/tex/latex/base/fix-cm.sty
Package: fix-cm 2020/11/24 v1.1t fixes to LaTeX

(d:/texlive/2023/texmf-dist/tex/latex/base/ts1enc.def
File: ts1enc.def 2001/06/05 v3.0e (jk/car/fm) Standard LaTeX file
LaTeX Font Info:    Redeclaring font encoding TS1 on input line 47.
))
\l__ctex_tmp_int=\count185
\l__ctex_tmp_box=\box52
\l__ctex_tmp_dim=\dimen140
\g__ctex_section_depth_int=\count186
\g__ctex_font_size_int=\count187

(d:/texlive/2023/texmf-dist/tex/latex/ctex/config/ctexopts.cfg
File: ctexopts.cfg 2022/07/14 v2.5.10 Option configuration file (CTEX)
)
(d:/texlive/2023/texmf-dist/tex/latex/base/book.cls
Document Class: book 2022/07/02 v1.4n Standard LaTeX document class
(d:/texlive/2023/texmf-dist/tex/latex/base/bk12.clo
File: bk12.clo 2022/07/02 v1.4n Standard LaTeX file (size option)
)
\c@part=\count188
\c@chapter=\count189
\c@section=\count190
\c@subsection=\count191
\c@subsubsection=\count192
\c@paragraph=\count193
\c@subparagraph=\count194
\c@figure=\count195
\c@table=\count196
\abovecaptionskip=\skip48
\belowcaptionskip=\skip49
\bibindent=\dimen141
)
(d:/texlive/2023/texmf-dist/tex/latex/ctex/engine/ctex-engine-xetex.def
File: ctex-engine-xetex.def 2022/07/14 v2.5.10 XeLaTeX adapter (CTEX)

(d:/texlive/2023/texmf-dist/tex/xelatex/xecjk/xeCJK.sty
Package: xeCJK 2022/08/05 v3.9.1 Typesetting CJK scripts with XeLaTeX

(d:/texlive/2023/texmf-dist/tex/latex/l3packages/xtemplate/xtemplate.sty
Package: xtemplate 2023-02-02 L3 Experimental prototype document functions
\l__xtemplate_tmp_dim=\dimen142
\l__xtemplate_tmp_int=\count197
\l__xtemplate_tmp_muskip=\muskip16
\l__xtemplate_tmp_skip=\skip50
)
\l__xeCJK_tmp_int=\count198
\l__xeCJK_tmp_box=\box53
\l__xeCJK_tmp_dim=\dimen143
\l__xeCJK_tmp_skip=\skip51
\g__xeCJK_space_factor_int=\count199
\l__xeCJK_begin_int=\count266
\l__xeCJK_end_int=\count267
\c__xeCJK_CJK_class_int=\XeTeXcharclass1
\c__xeCJK_FullLeft_class_int=\XeTeXcharclass2
\c__xeCJK_FullRight_class_int=\XeTeXcharclass3
\c__xeCJK_HalfLeft_class_int=\XeTeXcharclass4
\c__xeCJK_HalfRight_class_int=\XeTeXcharclass5
\c__xeCJK_NormalSpace_class_int=\XeTeXcharclass6
\c__xeCJK_CM_class_int=\XeTeXcharclass7
\c__xeCJK_HangulJamo_class_int=\XeTeXcharclass8
\l__xeCJK_last_skip=\skip52
\c__xeCJK_none_node=\count268
\g__xeCJK_node_int=\count269
\c__xeCJK_CJK_node_dim=\dimen144
\c__xeCJK_CJK-space_node_dim=\dimen145
\c__xeCJK_default_node_dim=\dimen146
\c__xeCJK_CJK-widow_node_dim=\dimen147
\c__xeCJK_normalspace_node_dim=\dimen148
\c__xeCJK_default-space_node_skip=\skip53
\l__xeCJK_ccglue_skip=\skip54
\l__xeCJK_ecglue_skip=\skip55
\l__xeCJK_punct_kern_skip=\skip56
\l__xeCJK_indent_box=\box54
\l__xeCJK_last_penalty_int=\count270
\l__xeCJK_last_bound_dim=\dimen149
\l__xeCJK_last_kern_dim=\dimen150
\l__xeCJK_widow_penalty_int=\count271

Package xtemplate Info: Declaring object type 'xeCJK/punctuation' taking 0
(xtemplate)             argument(s) on line 2396.

\l__xeCJK_fixed_punct_width_dim=\dimen151
\l__xeCJK_mixed_punct_width_dim=\dimen152
\l__xeCJK_middle_punct_width_dim=\dimen153
\l__xeCJK_fixed_margin_width_dim=\dimen154
\l__xeCJK_mixed_margin_width_dim=\dimen155
\l__xeCJK_middle_margin_width_dim=\dimen156
\l__xeCJK_bound_punct_width_dim=\dimen157
\l__xeCJK_bound_margin_width_dim=\dimen158
\l__xeCJK_margin_minimum_dim=\dimen159
\l__xeCJK_kerning_total_width_dim=\dimen160
\l__xeCJK_same_align_margin_dim=\dimen161
\l__xeCJK_different_align_margin_dim=\dimen162
\l__xeCJK_kerning_margin_width_dim=\dimen163
\l__xeCJK_kerning_margin_minimum_dim=\dimen164
\l__xeCJK_bound_dim=\dimen165
\l__xeCJK_reverse_bound_dim=\dimen166
\l__xeCJK_margin_dim=\dimen167
\l__xeCJK_minimum_bound_dim=\dimen168
\l__xeCJK_kerning_margin_dim=\dimen169
\g__xeCJK_family_int=\count272
\l__xeCJK_fam_int=\count273
\g__xeCJK_fam_allocation_int=\count274
\l__xeCJK_verb_case_int=\count275
\l__xeCJK_verb_exspace_skip=\skip57

(d:/texlive/2023/texmf-dist/tex/latex/fontspec/fontspec.sty
(d:/texlive/2023/texmf-dist/tex/latex/l3packages/xparse/xparse.sty
Package: xparse 2023-02-02 L3 Experimental document command parser
)
Package: fontspec 2022/01/15 v2.8a Font selection for XeLaTeX and LuaLaTeX

(d:/texlive/2023/texmf-dist/tex/latex/fontspec/fontspec-xetex.sty
Package: fontspec-xetex 2022/01/15 v2.8a Font selection for XeLaTeX and LuaLaTe
X
\l__fontspec_script_int=\count276
\l__fontspec_language_int=\count277
\l__fontspec_strnum_int=\count278
\l__fontspec_tmp_int=\count279
\l__fontspec_tmpa_int=\count280
\l__fontspec_tmpb_int=\count281
\l__fontspec_tmpc_int=\count282
\l__fontspec_em_int=\count283
\l__fontspec_emdef_int=\count284
\l__fontspec_strong_int=\count285
\l__fontspec_strongdef_int=\count286
\l__fontspec_tmpa_dim=\dimen170
\l__fontspec_tmpb_dim=\dimen171
\l__fontspec_tmpc_dim=\dimen172

(d:/texlive/2023/texmf-dist/tex/latex/base/fontenc.sty
Package: fontenc 2021/04/29 v2.0v Standard LaTeX package
)
(d:/texlive/2023/texmf-dist/tex/latex/fontspec/fontspec.cfg)))
(d:/texlive/2023/texmf-dist/tex/xelatex/xecjk/xeCJK.cfg
File: xeCJK.cfg 2022/08/05 v3.9.1 Configuration file for xeCJK package
))
\ccwd=\dimen173
\l__ctex_ccglue_skip=\skip58
)
\l__ctex_ziju_dim=\dimen174

(d:/texlive/2023/texmf-dist/tex/latex/zhnumber/zhnumber.sty
Package: zhnumber 2022/07/14 v3.0 Typesetting numbers with Chinese glyphs
\l__zhnum_scale_int=\count287
\l__zhnum_tmp_int=\count288

(d:/texlive/2023/texmf-dist/tex/latex/zhnumber/zhnumber-utf8.cfg
File: zhnumber-utf8.cfg 2022/07/14 v3.0 Chinese numerals with UTF8 encoding
))
\l__ctex_heading_skip=\skip59

(d:/texlive/2023/texmf-dist/tex/latex/ctex/scheme/ctex-scheme-plain-book.def
File: ctex-scheme-plain-book.def 2022/07/14 v2.5.10 Plain scheme for book (CTEX
)
)
(d:/texlive/2023/texmf-dist/tex/latex/ctex/ctex-cs4size.clo
File: ctex-cs4size.clo 2022/07/14 v2.5.10 cs4size option (CTEX)
)
(d:/texlive/2023/texmf-dist/tex/latex/ctex/fontset/ctex-fontset-windows.def
File: ctex-fontset-windows.def 2022/07/14 v2.5.10 Windows fonts definition (CTE
X)

Package fontspec Info: Could not resolve font "KaiTi/B" (it probably doesn't
(fontspec)             exist).


Package fontspec Info: Could not resolve font "SimHei/I" (it probably doesn't
(fontspec)             exist).


Package fontspec Info: Could not resolve font "SimSun/BI" (it probably doesn't
(fontspec)             exist).


Package fontspec Info: Font family 'SimSun(0)' created for font 'SimSun' with
(fontspec)             options
(fontspec)             [Script={CJK},BoldFont={SimHei},ItalicFont={KaiTi}].
(fontspec)              
(fontspec)              This font family consists of the following NFSS
(fontspec)             series/shapes:
(fontspec)              
(fontspec)             - 'normal' (m/n) with NFSS spec.:
(fontspec)             <->"SimSun/OT:script=hani;language=dflt;"
(fontspec)             - 'small caps'  (m/sc) with NFSS spec.: 
(fontspec)             - 'bold' (b/n) with NFSS spec.:
(fontspec)             <->"SimHei/OT:script=hani;language=dflt;"
(fontspec)             - 'bold small caps'  (b/sc) with NFSS spec.: 
(fontspec)             - 'italic' (m/it) with NFSS spec.:
(fontspec)             <->"KaiTi/OT:script=hani;language=dflt;"
(fontspec)             - 'italic small caps'  (m/scit) with NFSS spec.: 

))
(d:/texlive/2023/texmf-dist/tex/latex/ctex/config/ctex.cfg
File: ctex.cfg 2022/07/14 v2.5.10 Configuration file (CTEX)
)
(d:/texlive/2023/texmf-dist/tex/latex/extarrows/extarrows.sty
Package: extarrows 2020/03/12 v1.2.0 Some extensible arrows

(d:/texlive/2023/texmf-dist/tex/latex/amsmath/amsmath.sty
Package: amsmath 2022/04/08 v2.17n AMS math features
\@mathmargin=\skip60

For additional information on amsmath, use the `?' option.
(d:/texlive/2023/texmf-dist/tex/latex/amsmath/amstext.sty
Package: amstext 2021/08/26 v2.01 AMS text

(d:/texlive/2023/texmf-dist/tex/latex/amsmath/amsgen.sty
File: amsgen.sty 1999/11/30 v2.0 generic functions
\@emptytoks=\toks16
\ex@=\dimen175
))
(d:/texlive/2023/texmf-dist/tex/latex/amsmath/amsbsy.sty
Package: amsbsy 1999/11/29 v1.2d Bold Symbols
\pmbraise@=\dimen176
)
(d:/texlive/2023/texmf-dist/tex/latex/amsmath/amsopn.sty
Package: amsopn 2022/04/08 v2.04 operator names
)
\inf@bad=\count289
LaTeX Info: Redefining \frac on input line 234.
\uproot@=\count290
\leftroot@=\count291
LaTeX Info: Redefining \overline on input line 399.
LaTeX Info: Redefining \colon on input line 410.
\classnum@=\count292
\DOTSCASE@=\count293
LaTeX Info: Redefining \ldots on input line 496.
LaTeX Info: Redefining \dots on input line 499.
LaTeX Info: Redefining \cdots on input line 620.
\Mathstrutbox@=\box55
\strutbox@=\box56
LaTeX Info: Redefining \big on input line 722.
LaTeX Info: Redefining \Big on input line 723.
LaTeX Info: Redefining \bigg on input line 724.
LaTeX Info: Redefining \Bigg on input line 725.
\big@size=\dimen177
LaTeX Font Info:    Redeclaring font encoding OML on input line 743.
LaTeX Font Info:    Redeclaring font encoding OMS on input line 744.
\macc@depth=\count294
LaTeX Info: Redefining \bmod on input line 905.
LaTeX Info: Redefining \pmod on input line 910.
LaTeX Info: Redefining \smash on input line 940.
LaTeX Info: Redefining \relbar on input line 970.
LaTeX Info: Redefining \Relbar on input line 971.
\c@MaxMatrixCols=\count295
\dotsspace@=\muskip17
\c@parentequation=\count296
\dspbrk@lvl=\count297
\tag@help=\toks17
\row@=\count298
\column@=\count299
\maxfields@=\count300
\andhelp@=\toks18
\eqnshift@=\dimen178
\alignsep@=\dimen179
\tagshift@=\dimen180
\tagwidth@=\dimen181
\totwidth@=\dimen182
\lineht@=\dimen183
\@envbody=\toks19
\multlinegap=\skip61
\multlinetaggap=\skip62
\mathdisplay@stack=\toks20
LaTeX Info: Redefining \[ on input line 2953.
LaTeX Info: Redefining \] on input line 2954.
))
(d:/texlive/2023/texmf-dist/tex/latex/eso-pic/eso-pic.sty
Package: eso-pic 2020/10/14 v3.0a eso-pic (RN)
\ESO@tempdima=\dimen184
\ESO@tempdimb=\dimen185

(d:/texlive/2023/texmf-dist/tex/latex/graphics/keyval.sty
Package: keyval 2022/05/29 v1.15 key=value parser (DPC)
\KV@toks@=\toks21
)
(d:/texlive/2023/texmf-dist/tex/latex/xcolor/xcolor.sty
Package: xcolor 2022/06/12 v2.14 LaTeX color extensions (UK)

(d:/texlive/2023/texmf-dist/tex/latex/graphics-cfg/color.cfg
File: color.cfg 2016/01/02 v1.6 sample color configuration
)
Package xcolor Info: Driver file: xetex.def on input line 227.

(d:/texlive/2023/texmf-dist/tex/latex/graphics-def/xetex.def
File: xetex.def 2022/09/22 v5.0n Graphics/color driver for xetex
)
(d:/texlive/2023/texmf-dist/tex/latex/graphics/mathcolor.ltx)
Package xcolor Info: Model `cmy' substituted by `cmy0' on input line 1353.
Package xcolor Info: Model `RGB' extended on input line 1369.
Package xcolor Info: Model `HTML' substituted by `rgb' on input line 1371.
Package xcolor Info: Model `Hsb' substituted by `hsb' on input line 1372.
Package xcolor Info: Model `tHsb' substituted by `hsb' on input line 1373.
Package xcolor Info: Model `HSB' substituted by `hsb' on input line 1374.
Package xcolor Info: Model `Gray' substituted by `gray' on input line 1375.
Package xcolor Info: Model `wave' substituted by `hsb' on input line 1376.
))
(d:/texlive/2023/texmf-dist/tex/latex/url/url.sty
\Urlmuskip=\muskip18
Package: url 2013/09/16  ver 3.4  Verb mode for urls, etc.
)
(d:/texlive/2023/texmf-dist/tex/latex/environ/environ.sty
Package: environ 2014/05/04 v0.3 A new way to define environments

(d:/texlive/2023/texmf-dist/tex/latex/trimspaces/trimspaces.sty
Package: trimspaces 2009/09/17 v1.1 Trim spaces around a token list
))
(d:/texlive/2023/texmf-dist/tex/latex/manfnt/manfnt.sty
Package: manfnt 1999/07/010.2LaTeX2e manfnt package
\dbend@height=\skip63
)
(d:/texlive/2023/texmf-dist/tex/latex/psnfss/pifont.sty
Package: pifont 2020/03/25 PSNFSS-v9.3 Pi font support (SPQR) 
LaTeX Font Info:    Trying to load font information for U+pzd on input line 63.


(d:/texlive/2023/texmf-dist/tex/latex/psnfss/upzd.fd
File: upzd.fd 2001/06/04 font definitions for U/pzd.
)
LaTeX Font Info:    Trying to load font information for U+psy on input line 64.


(d:/texlive/2023/texmf-dist/tex/latex/psnfss/upsy.fd
File: upsy.fd 2001/06/04 font definitions for U/psy.
))
(d:/texlive/2023/texmf-dist/tex/latex/titlesec/titlesec.sty
Package: titlesec 2021/07/05 v2.14 Sectioning titles
\ttl@box=\box57
\beforetitleunit=\skip64
\aftertitleunit=\skip65
\ttl@plus=\dimen186
\ttl@minus=\dimen187
\ttl@toksa=\toks22
\titlewidth=\dimen188
\titlewidthlast=\dimen189
\titlewidthfirst=\dimen190
)
(d:/texlive/2023/texmf-dist/tex/latex/float/float.sty
Package: float 2001/11/08 v1.3d Float enhancements (AL)
\c@float@type=\count301
\float@exts=\toks23
\float@box=\box58
\@float@everytoks=\toks24
\@floatcapt=\box59
)
(d:/texlive/2023/texmf-dist/tex/latex/wallpaper/wallpaper.sty
Package: wallpaper 2005/01/18, v1.01 easy wallpaper formatting (MHFW)

(d:/texlive/2023/texmf-dist/tex/latex/base/ifthen.sty
Package: ifthen 2022/04/13 v1.1d Standard LaTeX ifthen package (DPC)
)
(d:/texlive/2023/texmf-dist/tex/latex/tools/calc.sty
Package: calc 2017/05/25 v4.3 Infix arithmetic (KKT,FJ)
\calc@Acount=\count302
\calc@Bcount=\count303
\calc@Adimen=\dimen191
\calc@Bdimen=\dimen192
\calc@Askip=\skip66
\calc@Bskip=\skip67
LaTeX Info: Redefining \setlength on input line 80.
LaTeX Info: Redefining \addtolength on input line 81.
\calc@Ccount=\count304
\calc@Cskip=\skip68
)
(d:/texlive/2023/texmf-dist/tex/latex/graphics/graphicx.sty
Package: graphicx 2021/09/16 v1.2d Enhanced LaTeX Graphics (DPC,SPQR)

(d:/texlive/2023/texmf-dist/tex/latex/graphics/graphics.sty
Package: graphics 2022/03/10 v1.4e Standard LaTeX Graphics (DPC,SPQR)

(d:/texlive/2023/texmf-dist/tex/latex/graphics/trig.sty
Package: trig 2021/08/11 v1.11 sin cos tan (DPC)
)
(d:/texlive/2023/texmf-dist/tex/latex/graphics-cfg/graphics.cfg
File: graphics.cfg 2016/06/04 v1.11 sample graphics configuration
)
Package graphics Info: Driver file: xetex.def on input line 107.
)
\Gin@req@height=\dimen193
\Gin@req@width=\dimen194
)
\wpXoffset=\skip69
\wpYoffset=\skip70
\tileXoffset=\skip71
\tileYoffset=\skip72
\tilewidth=\skip73
\tileheight=\skip74
\tileX=\skip75
\tileY=\skip76
)
(d:/texlive/2023/texmf-dist/tex/latex/tcolorbox/tcolorbox.sty
Package: tcolorbox 2023/02/12 version 6.0.1 text color boxes

(d:/texlive/2023/texmf-dist/tex/latex/pgf/basiclayer/pgf.sty
(d:/texlive/2023/texmf-dist/tex/latex/pgf/utilities/pgfrcs.sty
(d:/texlive/2023/texmf-dist/tex/generic/pgf/utilities/pgfutil-common.tex
\pgfutil@everybye=\toks25
\pgfutil@tempdima=\dimen195
\pgfutil@tempdimb=\dimen196
)
(d:/texlive/2023/texmf-dist/tex/generic/pgf/utilities/pgfutil-latex.def
\pgfutil@abb=\box60
)
(d:/texlive/2023/texmf-dist/tex/generic/pgf/utilities/pgfrcs.code.tex
(d:/texlive/2023/texmf-dist/tex/generic/pgf/pgf.revision.tex)
Package: pgfrcs 2023-01-15 v3.1.10 (3.1.10)
))
Package: pgf 2023-01-15 v3.1.10 (3.1.10)

(d:/texlive/2023/texmf-dist/tex/latex/pgf/basiclayer/pgfcore.sty
(d:/texlive/2023/texmf-dist/tex/latex/pgf/systemlayer/pgfsys.sty
(d:/texlive/2023/texmf-dist/tex/generic/pgf/systemlayer/pgfsys.code.tex
Package: pgfsys 2023-01-15 v3.1.10 (3.1.10)

(d:/texlive/2023/texmf-dist/tex/generic/pgf/utilities/pgfkeys.code.tex
\pgfkeys@pathtoks=\toks26
\pgfkeys@temptoks=\toks27

(d:/texlive/2023/texmf-dist/tex/generic/pgf/utilities/pgfkeyslibraryfiltered.co
de.tex
\pgfkeys@tmptoks=\toks28
))
\pgf@x=\dimen197
\pgf@y=\dimen198
\pgf@xa=\dimen199
\pgf@ya=\dimen256
\pgf@xb=\dimen257
\pgf@yb=\dimen258
\pgf@xc=\dimen259
\pgf@yc=\dimen260
\pgf@xd=\dimen261
\pgf@yd=\dimen262
\w@pgf@writea=\write3
\r@pgf@reada=\read2
\c@pgf@counta=\count305
\c@pgf@countb=\count306
\c@pgf@countc=\count307
\c@pgf@countd=\count308
\t@pgf@toka=\toks29
\t@pgf@tokb=\toks30
\t@pgf@tokc=\toks31
\pgf@sys@id@count=\count309
 (d:/texlive/2023/texmf-dist/tex/generic/pgf/systemlayer/pgf.cfg
File: pgf.cfg 2023-01-15 v3.1.10 (3.1.10)
)
Driver file for pgf: pgfsys-xetex.def

(d:/texlive/2023/texmf-dist/tex/generic/pgf/systemlayer/pgfsys-xetex.def
File: pgfsys-xetex.def 2023-01-15 v3.1.10 (3.1.10)

(d:/texlive/2023/texmf-dist/tex/generic/pgf/systemlayer/pgfsys-dvipdfmx.def
File: pgfsys-dvipdfmx.def 2023-01-15 v3.1.10 (3.1.10)

(d:/texlive/2023/texmf-dist/tex/generic/pgf/systemlayer/pgfsys-common-pdf.def
File: pgfsys-common-pdf.def 2023-01-15 v3.1.10 (3.1.10)
)
\pgfsys@objnum=\count310
)))
(d:/texlive/2023/texmf-dist/tex/generic/pgf/systemlayer/pgfsyssoftpath.code.tex
File: pgfsyssoftpath.code.tex 2023-01-15 v3.1.10 (3.1.10)
\pgfsyssoftpath@smallbuffer@items=\count311
\pgfsyssoftpath@bigbuffer@items=\count312
)
(d:/texlive/2023/texmf-dist/tex/generic/pgf/systemlayer/pgfsysprotocol.code.tex
File: pgfsysprotocol.code.tex 2023-01-15 v3.1.10 (3.1.10)
)) (d:/texlive/2023/texmf-dist/tex/generic/pgf/basiclayer/pgfcore.code.tex
Package: pgfcore 2023-01-15 v3.1.10 (3.1.10)

(d:/texlive/2023/texmf-dist/tex/generic/pgf/math/pgfmath.code.tex
(d:/texlive/2023/texmf-dist/tex/generic/pgf/math/pgfmathutil.code.tex)
(d:/texlive/2023/texmf-dist/tex/generic/pgf/math/pgfmathparser.code.tex
\pgfmath@dimen=\dimen263
\pgfmath@count=\count313
\pgfmath@box=\box61
\pgfmath@toks=\toks32
\pgfmath@stack@operand=\toks33
\pgfmath@stack@operation=\toks34
)
(d:/texlive/2023/texmf-dist/tex/generic/pgf/math/pgfmathfunctions.code.tex)
(d:/texlive/2023/texmf-dist/tex/generic/pgf/math/pgfmathfunctions.basic.code.te
x)
(d:/texlive/2023/texmf-dist/tex/generic/pgf/math/pgfmathfunctions.trigonometric
.code.tex)
(d:/texlive/2023/texmf-dist/tex/generic/pgf/math/pgfmathfunctions.random.code.t
ex)
(d:/texlive/2023/texmf-dist/tex/generic/pgf/math/pgfmathfunctions.comparison.co
de.tex)
(d:/texlive/2023/texmf-dist/tex/generic/pgf/math/pgfmathfunctions.base.code.tex
)
(d:/texlive/2023/texmf-dist/tex/generic/pgf/math/pgfmathfunctions.round.code.te
x)
(d:/texlive/2023/texmf-dist/tex/generic/pgf/math/pgfmathfunctions.misc.code.tex
)
(d:/texlive/2023/texmf-dist/tex/generic/pgf/math/pgfmathfunctions.integerarithm
etics.code.tex)
(d:/texlive/2023/texmf-dist/tex/generic/pgf/math/pgfmathcalc.code.tex)
(d:/texlive/2023/texmf-dist/tex/generic/pgf/math/pgfmathfloat.code.tex
\c@pgfmathroundto@lastzeros=\count314
))
(d:/texlive/2023/texmf-dist/tex/generic/pgf/math/pgfint.code.tex)
(d:/texlive/2023/texmf-dist/tex/generic/pgf/basiclayer/pgfcorepoints.code.tex
File: pgfcorepoints.code.tex 2023-01-15 v3.1.10 (3.1.10)
\pgf@picminx=\dimen264
\pgf@picmaxx=\dimen265
\pgf@picminy=\dimen266
\pgf@picmaxy=\dimen267
\pgf@pathminx=\dimen268
\pgf@pathmaxx=\dimen269
\pgf@pathminy=\dimen270
\pgf@pathmaxy=\dimen271
\pgf@xx=\dimen272
\pgf@xy=\dimen273
\pgf@yx=\dimen274
\pgf@yy=\dimen275
\pgf@zx=\dimen276
\pgf@zy=\dimen277
)
(d:/texlive/2023/texmf-dist/tex/generic/pgf/basiclayer/pgfcorepathconstruct.cod
e.tex
File: pgfcorepathconstruct.code.tex 2023-01-15 v3.1.10 (3.1.10)
\pgf@path@lastx=\dimen278
\pgf@path@lasty=\dimen279
)
(d:/texlive/2023/texmf-dist/tex/generic/pgf/basiclayer/pgfcorepathusage.code.te
x
File: pgfcorepathusage.code.tex 2023-01-15 v3.1.10 (3.1.10)
\pgf@shorten@end@additional=\dimen280
\pgf@shorten@start@additional=\dimen281
)
(d:/texlive/2023/texmf-dist/tex/generic/pgf/basiclayer/pgfcorescopes.code.tex
File: pgfcorescopes.code.tex 2023-01-15 v3.1.10 (3.1.10)
\pgfpic=\box62
\pgf@hbox=\box63
\pgf@layerbox@main=\box64
\pgf@picture@serial@count=\count315
)
(d:/texlive/2023/texmf-dist/tex/generic/pgf/basiclayer/pgfcoregraphicstate.code
.tex
File: pgfcoregraphicstate.code.tex 2023-01-15 v3.1.10 (3.1.10)
\pgflinewidth=\dimen282
)
(d:/texlive/2023/texmf-dist/tex/generic/pgf/basiclayer/pgfcoretransformations.c
ode.tex
File: pgfcoretransformations.code.tex 2023-01-15 v3.1.10 (3.1.10)
\pgf@pt@x=\dimen283
\pgf@pt@y=\dimen284
\pgf@pt@temp=\dimen285
)
(d:/texlive/2023/texmf-dist/tex/generic/pgf/basiclayer/pgfcorequick.code.tex
File: pgfcorequick.code.tex 2023-01-15 v3.1.10 (3.1.10)
)
(d:/texlive/2023/texmf-dist/tex/generic/pgf/basiclayer/pgfcoreobjects.code.tex
File: pgfcoreobjects.code.tex 2023-01-15 v3.1.10 (3.1.10)
)
(d:/texlive/2023/texmf-dist/tex/generic/pgf/basiclayer/pgfcorepathprocessing.co
de.tex
File: pgfcorepathprocessing.code.tex 2023-01-15 v3.1.10 (3.1.10)
)
(d:/texlive/2023/texmf-dist/tex/generic/pgf/basiclayer/pgfcorearrows.code.tex
File: pgfcorearrows.code.tex 2023-01-15 v3.1.10 (3.1.10)
\pgfarrowsep=\dimen286
)
(d:/texlive/2023/texmf-dist/tex/generic/pgf/basiclayer/pgfcoreshade.code.tex
File: pgfcoreshade.code.tex 2023-01-15 v3.1.10 (3.1.10)
\pgf@max=\dimen287
\pgf@sys@shading@range@num=\count316
\pgf@shadingcount=\count317
)
(d:/texlive/2023/texmf-dist/tex/generic/pgf/basiclayer/pgfcoreimage.code.tex
File: pgfcoreimage.code.tex 2023-01-15 v3.1.10 (3.1.10)
)
(d:/texlive/2023/texmf-dist/tex/generic/pgf/basiclayer/pgfcoreexternal.code.tex
File: pgfcoreexternal.code.tex 2023-01-15 v3.1.10 (3.1.10)
\pgfexternal@startupbox=\box65
) (d:/texlive/2023/texmf-dist/tex/generic/pgf/basiclayer/pgfcorelayers.code.tex
File: pgfcorelayers.code.tex 2023-01-15 v3.1.10 (3.1.10)
)
(d:/texlive/2023/texmf-dist/tex/generic/pgf/basiclayer/pgfcoretransparency.code
.tex
File: pgfcoretransparency.code.tex 2023-01-15 v3.1.10 (3.1.10)
)
(d:/texlive/2023/texmf-dist/tex/generic/pgf/basiclayer/pgfcorepatterns.code.tex
File: pgfcorepatterns.code.tex 2023-01-15 v3.1.10 (3.1.10)
) (d:/texlive/2023/texmf-dist/tex/generic/pgf/basiclayer/pgfcorerdf.code.tex
File: pgfcorerdf.code.tex 2023-01-15 v3.1.10 (3.1.10)
))) (d:/texlive/2023/texmf-dist/tex/generic/pgf/modules/pgfmoduleshapes.code.te
x
File: pgfmoduleshapes.code.tex 2023-01-15 v3.1.10 (3.1.10)
\pgfnodeparttextbox=\box66
)
(d:/texlive/2023/texmf-dist/tex/generic/pgf/modules/pgfmoduleplot.code.tex
File: pgfmoduleplot.code.tex 2023-01-15 v3.1.10 (3.1.10)
)
(d:/texlive/2023/texmf-dist/tex/latex/pgf/compatibility/pgfcomp-version-0-65.st
y
Package: pgfcomp-version-0-65 2023-01-15 v3.1.10 (3.1.10)
\pgf@nodesepstart=\dimen288
\pgf@nodesepend=\dimen289
)
(d:/texlive/2023/texmf-dist/tex/latex/pgf/compatibility/pgfcomp-version-1-18.st
y
Package: pgfcomp-version-1-18 2023-01-15 v3.1.10 (3.1.10)
)) (d:/texlive/2023/texmf-dist/tex/latex/tools/verbatim.sty
Package: verbatim 2022-07-02 v1.5u LaTeX2e package for verbatim enhancements
\every@verbatim=\toks35
\verbatim@line=\toks36
\verbatim@in@stream=\read3
)
(d:/texlive/2023/texmf-dist/tex/latex/etoolbox/etoolbox.sty
Package: etoolbox 2020/10/05 v2.5k e-TeX tools for LaTeX (JAW)
\etb@tempcnta=\count318
)
\tcb@titlebox=\box67
\tcb@upperbox=\box68
\tcb@lowerbox=\box69
\tcb@phantombox=\box70
\c@tcbbreakpart=\count319
\c@tcblayer=\count320
\c@tcolorbox@number=\count321
\tcb@temp=\box71
\tcb@temp=\box72
\tcb@temp=\box73
\tcb@temp=\box74

(d:/texlive/2023/texmf-dist/tex/latex/tcolorbox/tcbraster.code.tex
Library (tcolorbox): 'tcbraster.code.tex' version '6.0.1'
\c@tcbrastercolumn=\count322
\c@tcbrasterrow=\count323
\c@tcbrasternum=\count324
\c@tcbraster=\count325
) (d:/texlive/2023/texmf-dist/tex/latex/tcolorbox/tcbskins.code.tex
Library (tcolorbox): 'tcbskins.code.tex' version '6.0.1'
(d:/texlive/2023/texmf-dist/tex/latex/pgf/frontendlayer/tikz.sty
(d:/texlive/2023/texmf-dist/tex/latex/pgf/utilities/pgffor.sty
(d:/texlive/2023/texmf-dist/tex/latex/pgf/utilities/pgfkeys.sty
(d:/texlive/2023/texmf-dist/tex/generic/pgf/utilities/pgfkeys.code.tex))
(d:/texlive/2023/texmf-dist/tex/latex/pgf/math/pgfmath.sty
(d:/texlive/2023/texmf-dist/tex/generic/pgf/math/pgfmath.code.tex))
(d:/texlive/2023/texmf-dist/tex/generic/pgf/utilities/pgffor.code.tex
Package: pgffor 2023-01-15 v3.1.10 (3.1.10)
\pgffor@iter=\dimen290
\pgffor@skip=\dimen291
\pgffor@stack=\toks37
\pgffor@toks=\toks38
))
(d:/texlive/2023/texmf-dist/tex/generic/pgf/frontendlayer/tikz/tikz.code.tex
Package: tikz 2023-01-15 v3.1.10 (3.1.10)

(d:/texlive/2023/texmf-dist/tex/generic/pgf/libraries/pgflibraryplothandlers.co
de.tex
File: pgflibraryplothandlers.code.tex 2023-01-15 v3.1.10 (3.1.10)
\pgf@plot@mark@count=\count326
\pgfplotmarksize=\dimen292
)
\tikz@lastx=\dimen293
\tikz@lasty=\dimen294
\tikz@lastxsaved=\dimen295
\tikz@lastysaved=\dimen296
\tikz@lastmovetox=\dimen297
\tikz@lastmovetoy=\dimen298
\tikzleveldistance=\dimen299
\tikzsiblingdistance=\dimen300
\tikz@figbox=\box75
\tikz@figbox@bg=\box76
\tikz@tempbox=\box77
\tikz@tempbox@bg=\box78
\tikztreelevel=\count327
\tikznumberofchildren=\count328
\tikznumberofcurrentchild=\count329
\tikz@fig@count=\count330

(d:/texlive/2023/texmf-dist/tex/generic/pgf/modules/pgfmodulematrix.code.tex
File: pgfmodulematrix.code.tex 2023-01-15 v3.1.10 (3.1.10)
\pgfmatrixcurrentrow=\count331
\pgfmatrixcurrentcolumn=\count332
\pgf@matrix@numberofcolumns=\count333
)
\tikz@expandcount=\count334

(d:/texlive/2023/texmf-dist/tex/generic/pgf/frontendlayer/tikz/libraries/tikzli
brarytopaths.code.tex
File: tikzlibrarytopaths.code.tex 2023-01-15 v3.1.10 (3.1.10)
)))
(d:/texlive/2023/texmf-dist/tex/latex/tikzfill/tikzfill.image.sty
Package: tikzfill.image 2022/07/20 v1.0.0 Image filling library for TikZ

(d:/texlive/2023/texmf-dist/tex/latex/tikzfill/tikzfill-common.sty
Package: tikzfill-common 2022/07/20 v1.0.0 Auxiliary code for tikzfill
)
(d:/texlive/2023/texmf-dist/tex/latex/tikzfill/tikzlibraryfill.image.code.tex
File: tikzlibraryfill.image.code.tex 2022/07/20 v1.0.0 Image filling library
\l__tikzfill_img_box=\box79
)) (d:/texlive/2023/texmf-dist/tex/latex/tcolorbox/tcbskinsjigsaw.code.tex
Library (tcolorbox): 'tcbskinsjigsaw.code.tex' version '6.0.1'
)) (d:/texlive/2023/texmf-dist/tex/latex/tcolorbox/tcbbreakable.code.tex
Library (tcolorbox): 'tcbbreakable.code.tex' version '6.0.1'
(d:/texlive/2023/texmf-dist/tex/latex/pdfcol/pdfcol.sty
Package: pdfcol 2022-09-21 v1.7 Handle new color stacks for pdfTeX (HO)

(d:/texlive/2023/texmf-dist/tex/generic/ltxcmds/ltxcmds.sty
Package: ltxcmds 2020-05-10 v1.25 LaTeX kernel commands for general use (HO)
)
(d:/texlive/2023/texmf-dist/tex/generic/infwarerr/infwarerr.sty
Package: infwarerr 2019/12/03 v1.5 Providing info/warning/error messages (HO)
)
(d:/texlive/2023/texmf-dist/tex/generic/iftex/iftex.sty
Package: iftex 2022/02/03 v1.0f TeX engine tests
)
Package pdfcol Info: Interface disabled because of missing PDF mode of pdfTeX.
)
Package pdfcol Info: pdfTeX's color stacks are not available.
\tcb@testbox=\box80
\tcb@totalupperbox=\box81
\tcb@totallowerbox=\box82
)
(d:/texlive/2023/texmf-dist/tex/latex/tcolorbox/tcbhooks.code.tex
Library (tcolorbox): 'tcbhooks.code.tex' version '6.0.1'
) (d:/texlive/2023/texmf-dist/tex/latex/tcolorbox/tcbtheorems.code.tex
Library (tcolorbox): 'tcbtheorems.code.tex' version '6.0.1'
) (d:/texlive/2023/texmf-dist/tex/latex/tcolorbox/tcbfitting.code.tex
Library (tcolorbox): 'tcbfitting.code.tex' version '6.0.1'
\tcbfitdim=\dimen301
\tcb@lowerfitdim=\dimen302
\tcb@upperfitdim=\dimen303
\tcb@cur@hbadness=\count335
) (d:/texlive/2023/texmf-dist/tex/latex/tcolorbox/tcblistingsutf8.code.tex
Library (tcolorbox): 'tcblistingsutf8.code.tex' version '6.0.1'
(d:/texlive/2023/texmf-dist/tex/latex/tcolorbox/tcblistings.code.tex
Library (tcolorbox): 'tcblistings.code.tex' version '6.0.1'
(d:/texlive/2023/texmf-dist/tex/latex/listings/listings.sty
\lst@mode=\count336
\lst@gtempboxa=\box83
\lst@token=\toks39
\lst@length=\count337
\lst@currlwidth=\dimen304
\lst@column=\count338
\lst@pos=\count339
\lst@lostspace=\dimen305
\lst@width=\dimen306
\lst@newlines=\count340
\lst@lineno=\count341
\lst@maxwidth=\dimen307

(d:/texlive/2023/texmf-dist/tex/latex/listings/lstmisc.sty
File: lstmisc.sty 2023/02/27 1.9 (Carsten Heinz)
\c@lstnumber=\count342
\lst@skipnumbers=\count343
\lst@framebox=\box84
)
(d:/texlive/2023/texmf-dist/tex/latex/listings/listings.cfg
File: listings.cfg 2023/02/27 1.9 listings configuration
))
Package: listings 2023/02/27 1.9 (Carsten Heinz)

(d:/texlive/2023/texmf-dist/tex/xelatex/xecjk/xeCJK-listings.sty
Package: xeCJK-listings 2022/08/05 v3.9.1 xeCJK patch file for listings
\l__xeCJK_listings_max_char_int=\count344
\l__xeCJK_listings_flag_int=\count345
)
(d:/texlive/2023/texmf-dist/tex/latex/tcolorbox/tcblistingscore.code.tex
Library (tcolorbox): 'tcblistingscore.code.tex' version '6.0.1'
(d:/texlive/2023/texmf-dist/tex/latex/tcolorbox/tcbprocessing.code.tex
Library (tcolorbox): 'tcbprocessing.code.tex' version '6.0.1'
(d:/texlive/2023/texmf-dist/tex/generic/pdftexcmds/pdftexcmds.sty
Package: pdftexcmds 2020-06-27 v0.33 Utility functions of pdfTeX for LuaTeX (HO
)
Package pdftexcmds Info: \pdf@primitive is available.
Package pdftexcmds Info: \pdf@ifprimitive is available.
Package pdftexcmds Info: \pdfdraftmode not found.
)
(d:/texlive/2023/texmf-dist/tex/latex/tools/shellesc.sty
Package: shellesc 2019/11/08 v1.0c unified shell escape interface for LaTeX
Package shellesc Info: Restricted shell escape enabled on input line 77.
))
\c@tcblisting=\count346
))
Package tcolorbox Info: Library `listingsutf8' is compatible with pdftex only. 
Library `listings` is loaded instead. on input line 29.
)
(d:/texlive/2023/texmf-dist/tex/latex/tcolorbox/tcbexternal.code.tex
Library (tcolorbox): 'tcbexternal.code.tex' version '6.0.1'
) (d:/texlive/2023/texmf-dist/tex/latex/tcolorbox/tcbmagazine.code.tex
Library (tcolorbox): 'tcbmagazine.code.tex' version '6.0.1'
) (d:/texlive/2023/texmf-dist/tex/latex/tcolorbox/tcbvignette.code.tex
Library (tcolorbox): 'tcbvignette.code.tex' version '6.0.1'

(d:/texlive/2023/texmf-dist/tex/generic/pgf/frontendlayer/tikz/libraries/tikzli
braryfadings.code.tex
File: tikzlibraryfadings.code.tex 2023-01-15 v3.1.10 (3.1.10)

(d:/texlive/2023/texmf-dist/tex/generic/pgf/libraries/pgflibraryfadings.code.te
x
File: pgflibraryfadings.code.tex 2023-01-15 v3.1.10 (3.1.10)
))) (d:/texlive/2023/texmf-dist/tex/latex/tcolorbox/tcbposter.code.tex
Library (tcolorbox): 'tcbposter.code.tex' version '6.0.1'
)) (d:/texlive/2023/texmf-dist/tex/latex/xpatch/xpatch.sty
Package: xpatch 2020/03/25 v0.3a Extending etoolbox patching commands
)
(d:/texlive/2023/texmf-dist/tex/latex/geometry/geometry.sty
Package: geometry 2020/01/02 v5.9 Page Geometry

(d:/texlive/2023/texmf-dist/tex/generic/iftex/ifvtex.sty
Package: ifvtex 2019/10/25 v1.7 ifvtex legacy package. Use iftex instead.
)
\Gm@cnth=\count347
\Gm@cntv=\count348
\c@Gm@tempcnt=\count349
\Gm@bindingoffset=\dimen308
\Gm@wd@mp=\dimen309
\Gm@odd@mp=\dimen310
\Gm@even@mp=\dimen311
\Gm@layoutwidth=\dimen312
\Gm@layoutheight=\dimen313
\Gm@layouthoffset=\dimen314
\Gm@layoutvoffset=\dimen315
\Gm@dimlist=\toks40


Package geometry Warning: Over-specification in `h'-direction.
    `width' (455.24408pt) is ignored.


Package geometry Warning: Over-specification in `v'-direction.
    `height' (625.96062pt) is ignored.

) (d:/texlive/2023/texmf-dist/tex/latex/fancyhdr/fancyhdr.sty
Package: fancyhdr 2022/11/09 v4.1 Extensive control of page headers and footers

\f@nch@headwidth=\skip77
\f@nch@O@elh=\skip78
\f@nch@O@erh=\skip79
\f@nch@O@olh=\skip80
\f@nch@O@orh=\skip81
\f@nch@O@elf=\skip82
\f@nch@O@erf=\skip83
\f@nch@O@olf=\skip84
\f@nch@O@orf=\skip85
)
(d:/texlive/2023/texmf-dist/tex/latex/lastpage/lastpage.sty
Package: lastpage 2023/03/07 v2.0a lastpage: 2.09 or 2e? (HMM)

(d:/texlive/2023/texmf-dist/tex/latex/lastpage/lastpage2e.sty
Package: lastpage2e 2023/03/07 v2.0a Decide which 2e lastpage version to use (H
MM)

(d:/texlive/2023/texmf-dist/tex/latex/lastpage/lastpagemodern.sty
Package: lastpagemodern 2023-03-07 v2.0a Refers to last page's name (HMM; JPG)
) 
)) (d:/texlive/2023/texmf-dist/tex/latex/mathtools/mathtools.sty
Package: mathtools 2022/06/29 v1.29 mathematical typesetting tools

(d:/texlive/2023/texmf-dist/tex/latex/mathtools/mhsetup.sty
Package: mhsetup 2021/03/18 v1.4 programming setup (MH)
)
\g_MT_multlinerow_int=\count350
\l_MT_multwidth_dim=\dimen316
\origjot=\skip86
\l_MT_shortvdotswithinadjustabove_dim=\dimen317
\l_MT_shortvdotswithinadjustbelow_dim=\dimen318
\l_MT_above_intertext_sep=\dimen319
\l_MT_below_intertext_sep=\dimen320
\l_MT_above_shortintertext_sep=\dimen321
\l_MT_below_shortintertext_sep=\dimen322
\xmathstrut@box=\box85
\xmathstrut@dim=\dimen323
)
(d:/texlive/2023/texmf-dist/tex/latex/amscls/amsthm.sty
Package: amsthm 2020/05/29 v2.20.6
\thm@style=\toks41
\thm@bodyfont=\toks42
\thm@headfont=\toks43
\thm@notefont=\toks44
\thm@headpunct=\toks45
\thm@preskip=\skip87
\thm@postskip=\skip88
\thm@headsep=\skip89
\dth@everypar=\toks46
)
(d:/texlive/2023/texmf-dist/tex/latex/amsfonts/amsfonts.sty
Package: amsfonts 2013/01/14 v3.01 Basic AMSFonts support
\symAMSa=\mathgroup4
\symAMSb=\mathgroup5
LaTeX Font Info:    Redeclaring math symbol \hbar on input line 98.
LaTeX Font Info:    Overwriting math alphabet `\mathfrak' in version `bold'
(Font)                  U/euf/m/n --> U/euf/b/n on input line 106.
)
(d:/texlive/2023/texmf-dist/tex/latex/amsfonts/amssymb.sty
Package: amssymb 2013/01/14 v3.01 AMS font symbols
)
(d:/texlive/2023/texmf-dist/tex/latex/tools/bm.sty
Package: bm 2022/01/05 v1.2f Bold Symbol Support (DPC/FMi)
\symboldoperators=\mathgroup6
\symboldletters=\mathgroup7
\symboldsymbols=\mathgroup8
Package bm Info: No bold for \OMX/cmex/m/n, using \pmb.
Package bm Info: No bold for \U/msa/m/n, using \pmb.
Package bm Info: No bold for \U/msb/m/n, using \pmb.
LaTeX Font Info:    Redeclaring math alphabet \mathbf on input line 149.
)
(d:/texlive/2023/texmf-dist/tex/latex/newtx/newtxtext.sty
Package: newtxtext 2022/02/28 v1.71(Michael Sharpe) latex and unicode latex sup
port for TeXGyreTermesX

`newtxtext' v1.71, 2022/02/28 Text macros taking advantage of TeXGyre Termes an
d its extensions (msharpe)
(d:/texlive/2023/texmf-dist/tex/latex/xkeyval/xkeyval.sty
Package: xkeyval 2022/06/16 v2.9 package option processing (HA)

(d:/texlive/2023/texmf-dist/tex/generic/xkeyval/xkeyval.tex
(d:/texlive/2023/texmf-dist/tex/generic/xkeyval/xkvutils.tex
\XKV@toks=\toks47
\XKV@tempa@toks=\toks48
)
\XKV@depth=\count351
File: xkeyval.tex 2014/12/03 v2.7a key=value parser (HA)
))
(d:/texlive/2023/texmf-dist/tex/latex/base/textcomp.sty
Package: textcomp 2020/02/02 v2.0n Standard LaTeX package
)
(d:/texlive/2023/texmf-dist/tex/generic/xstring/xstring.sty
(d:/texlive/2023/texmf-dist/tex/generic/xstring/xstring.tex
\integerpart=\count352
\decimalpart=\count353
)
Package: xstring 2023/01/14 v1.85 String manipulations (CT)
)
(d:/texlive/2023/texmf-dist/tex/latex/carlisle/scalefnt.sty)
LaTeX Font Info:    Setting ntxLF sub-encoding to TS1/0 on input line 21.
LaTeX Font Info:    Setting ntxTLF sub-encoding to TS1/0 on input line 21.
LaTeX Font Info:    Setting ntxOsF sub-encoding to TS1/0 on input line 21.
LaTeX Font Info:    Setting ntxTOsF sub-encoding to TS1/0 on input line 21.

(d:/texlive/2023/texmf-dist/tex/generic/kastrup/binhex.tex)
\ntx@tmpcnta=\count354
\ntx@cnt=\count355

ntx@otftexttrue
LaTeX Info: Redefining \oldstylenums on input line 479.
LaTeX Info: Redefining \liningnums on input line 483.
) (d:/texlive/2023/texmf-dist/tex/latex/newtx/newtxmath.sty
Package: newtxmath 2022/01/16 v1.71

`newtxmath' v1.71, 2022/01/16 Math macros based originally on txfonts (msharpe)
(d:/texlive/2023/texmf-dist/tex/generic/iftex/ifxetex.sty
Package: ifxetex 2019/10/25 v0.7 ifxetex legacy package. Use iftex instead.
)
(d:/texlive/2023/texmf-dist/tex/generic/iftex/ifluatex.sty
Package: ifluatex 2019/10/25 v1.5 ifluatex legacy package. Use iftex instead.
)
(d:/texlive/2023/texmf-dist/tex/latex/oberdiek/centernot.sty
Package: centernot 2016/05/16 v1.4 Centers the not symbol horizontally (HO)
)
\tx@cntz=\count356

(d:/texlive/2023/texmf-dist/tex/generic/kastrup/binhex.tex)
\tx@Isdigit=\count357
\tx@IsAlNum=\count358
\tx@tA=\toks49
\tx@tB=\toks50
\tx@su=\read4

amsthm NOT loaded
LaTeX Font Info:    Redeclaring symbol font `operators' on input line 376.
LaTeX Font Info:    Overwriting symbol font `operators' in version `normal'
(Font)                  OT1/cmr/m/n --> OT1/minntx/m/n on input line 376.
LaTeX Font Info:    Overwriting symbol font `operators' in version `bold'
(Font)                  OT1/cmr/bx/n --> OT1/minntx/m/n on input line 376.
LaTeX Font Info:    Overwriting symbol font `operators' in version `bold'
(Font)                  OT1/minntx/m/n --> OT1/minntx/b/n on input line 377.
LaTeX Font Info:    Redeclaring math alphabet \mathsf on input line 383.
LaTeX Font Info:    Overwriting math alphabet `\mathsf' in version `normal'
(Font)                  OT1/cmss/m/n --> TU/lmss/m/n on input line 383.
LaTeX Font Info:    Overwriting math alphabet `\mathsf' in version `bold'
(Font)                  OT1/cmss/bx/n --> TU/lmss/m/n on input line 383.
LaTeX Font Info:    Redeclaring math alphabet \mathit on input line 384.
LaTeX Font Info:    Overwriting math alphabet `\mathit' in version `normal'
(Font)                  OT1/cmr/m/it --> OT1/minntx/m/it on input line 384.
LaTeX Font Info:    Overwriting math alphabet `\mathit' in version `bold'
(Font)                  OT1/cmr/bx/it --> OT1/minntx/m/it on input line 384.
LaTeX Font Info:    Redeclaring math alphabet \mathtt on input line 385.
LaTeX Font Info:    Overwriting math alphabet `\mathtt' in version `normal'
(Font)                  OT1/cmtt/m/n --> TU/lmtt/m/n on input line 385.
LaTeX Font Info:    Overwriting math alphabet `\mathtt' in version `bold'
(Font)                  OT1/cmtt/m/n --> TU/lmtt/m/n on input line 385.
LaTeX Font Info:    Redeclaring math alphabet \mathbf on input line 387.
LaTeX Font Info:    Overwriting math alphabet `\mathit' in version `bold'
(Font)                  OT1/minntx/m/it --> OT1/minntx/b/it on input line 388.
LaTeX Font Info:    Overwriting math alphabet `\mathsf' in version `bold'
(Font)                  TU/lmss/m/n --> TU/lmss/b/n on input line 389.
LaTeX Font Info:    Overwriting math alphabet `\mathtt' in version `bold'
(Font)                  TU/lmtt/m/n --> TU/lmtt/b/n on input line 390.
LaTeX Font Info:    Redeclaring symbol font `letters' on input line 491.
LaTeX Font Info:    Overwriting symbol font `letters' in version `normal'
(Font)                  OML/cmm/m/it --> OML/ntxmi/m/it on input line 491.
LaTeX Font Info:    Overwriting symbol font `letters' in version `bold'
(Font)                  OML/cmm/b/it --> OML/ntxmi/m/it on input line 491.
LaTeX Font Info:    Overwriting symbol font `letters' in version `bold'
(Font)                  OML/ntxmi/m/it --> OML/ntxmi/b/it on input line 492.
\symlettersA=\mathgroup9
LaTeX Font Info:    Overwriting symbol font `lettersA' in version `bold'
(Font)                  U/ntxmia/m/it --> U/ntxmia/b/it on input line 547.
LaTeX Font Info:    Redeclaring math alphabet \mathfrak on input line 549.
LaTeX Font Info:    Redeclaring symbol font `symbols' on input line 568.
LaTeX Font Info:    Encoding `OMS' has changed to `LMS' for symbol font
(Font)              `symbols' in the math version `normal' on input line 568.
LaTeX Font Info:    Overwriting symbol font `symbols' in version `normal'
(Font)                  OMS/cmsy/m/n --> LMS/ntxsy/m/n on input line 568.
LaTeX Font Info:    Encoding `OMS' has changed to `LMS' for symbol font
(Font)              `symbols' in the math version `bold' on input line 568.
LaTeX Font Info:    Overwriting symbol font `symbols' in version `bold'
(Font)                  OMS/cmsy/b/n --> LMS/ntxsy/m/n on input line 568.
LaTeX Font Info:    Overwriting symbol font `symbols' in version `bold'
(Font)                  LMS/ntxsy/m/n --> LMS/ntxsy/b/n on input line 569.
\symAMSm=\mathgroup10
LaTeX Font Info:    Overwriting symbol font `AMSm' in version `bold'
(Font)                  U/ntxsym/m/n --> U/ntxsym/b/n on input line 594.
\symsymbolsC=\mathgroup11
LaTeX Font Info:    Overwriting symbol font `symbolsC' in version `bold'
(Font)                  U/ntxsyc/m/n --> U/ntxsyc/b/n on input line 615.
LaTeX Font Info:    Redeclaring symbol font `largesymbols' on input line 628.
LaTeX Font Info:    Encoding `OMX' has changed to `LMX' for symbol font
(Font)              `largesymbols' in the math version `normal' on input line 6
28.
LaTeX Font Info:    Overwriting symbol font `largesymbols' in version `normal'
(Font)                  OMX/cmex/m/n --> LMX/ntxexx/m/n on input line 628.
LaTeX Font Info:    Encoding `OMX' has changed to `LMX' for symbol font
(Font)              `largesymbols' in the math version `bold' on input line 628
.
LaTeX Font Info:    Overwriting symbol font `largesymbols' in version `bold'
(Font)                  OMX/cmex/m/n --> LMX/ntxexx/m/n on input line 628.
LaTeX Font Info:    Overwriting symbol font `largesymbols' in version `bold'
(Font)                  LMX/ntxexx/m/n --> LMX/ntxexx/b/n on input line 629.
\symlargesymbolsTXA=\mathgroup12
LaTeX Font Info:    Overwriting symbol font `largesymbolsTXA' in version `bold'

(Font)                  U/ntxexa/m/n --> U/ntxexa/b/n on input line 643.
\tx@sbptoks=\toks51
LaTeX Font Info:    Redeclaring math delimiter \lfloor on input line 866.
LaTeX Font Info:    Redeclaring math delimiter \rfloor on input line 867.
LaTeX Font Info:    Redeclaring math delimiter \lceil on input line 868.
LaTeX Font Info:    Redeclaring math delimiter \rceil on input line 869.
LaTeX Font Info:    Redeclaring math delimiter \lbrace on input line 870.
LaTeX Font Info:    Redeclaring math delimiter \rbrace on input line 871.
LaTeX Font Info:    Redeclaring math delimiter \langle on input line 872.
LaTeX Font Info:    Redeclaring math delimiter \rangle on input line 874.
LaTeX Font Info:    Redeclaring math delimiter \arrowvert on input line 878.
LaTeX Font Info:    Redeclaring math delimiter \vert on input line 879.
LaTeX Font Info:    Redeclaring math accent \dot on input line 950.
LaTeX Font Info:    Redeclaring math accent \ddot on input line 951.
LaTeX Font Info:    Redeclaring math accent \vec on input line 2020.
LaTeX Info: Redefining \Bbbk on input line 2810.
LaTeX Info: Redefining \not on input line 2959.
LaTeX Info: Redefining \textsquare on input line 2989.
LaTeX Info: Redefining \openbox on input line 2991.
) (d:/texlive/2023/texmf-dist/tex/latex/sourcecodepro/sourcecodepro.sty
Package: sourcecodepro 2018/01/13 v2.7 Adobe's Source Code Pro typeface
Requested font "[SourceCodePro-Regular.otf]/OT" at 12.04497pt
 -> d:/texlive/2023/texmf-dist/fonts/opentype/adobe/sourcecodepro/SourceCodePro
-Regular.otf
Requested font "[SourceCodePro-Regular.otf]/OT" at 12.04503pt
 -> d:/texlive/2023/texmf-dist/fonts/opentype/adobe/sourcecodepro/SourceCodePro
-Regular.otf
Requested font "[SourceCodePro-Regular.otf]/OT:script=latn;language=dflt;" at 1
2.04503pt
 -> d:/texlive/2023/texmf-dist/fonts/opentype/adobe/sourcecodepro/SourceCodePro
-Regular.otf
Requested font "[SourceCodePro-Bold.otf]/OT:script=latn;language=dflt;" at 12.0
4503pt
 -> d:/texlive/2023/texmf-dist/fonts/opentype/adobe/sourcecodepro/SourceCodePro
-Bold.otf
Requested font "[SourceCodePro-RegularIt.otf]/OT:script=latn;language=dflt;" at
 12.04503pt
 -> d:/texlive/2023/texmf-dist/fonts/opentype/adobe/sourcecodepro/SourceCodePro
-RegularIt.otf
Requested font "[SourceCodePro-BoldIt.otf]/OT:script=latn;language=dflt;" at 12
.04503pt
 -> d:/texlive/2023/texmf-dist/fonts/opentype/adobe/sourcecodepro/SourceCodePro
-BoldIt.otf

Package fontspec Info: Font family 'SourceCodePro(0)' created for font
(fontspec)             'SourceCodePro' with options [Ligatures =,Numbers
(fontspec)             =,Scale = 1,Extension =
(fontspec)             .otf,WordSpace={1,0,0},HyphenChar=None,PunctuationSpace=
WordSpace,UprightFont
(fontspec)             = *-Regular,ItalicFont = *-RegularIt,BoldFont =
(fontspec)             *-Bold,BoldItalicFont = *-BoldIt].
(fontspec)              
(fontspec)              This font family consists of the following NFSS
(fontspec)             series/shapes:
(fontspec)              
(fontspec)             - 'normal' (m/n) with NFSS spec.:
(fontspec)             <->s*[1]"[SourceCodePro-Regular.otf]/OT:script=latn;lang
uage=dflt;"
(fontspec)             - 'small caps'  (m/sc) with NFSS spec.: 
(fontspec)             and font adjustment code:
(fontspec)             \fontdimen 2\font =1\fontdimen 2\font \fontdimen 3\font
(fontspec)             =0\fontdimen 3\font \fontdimen 4\font =0\fontdimen
(fontspec)             4\font \fontdimen 7\font =0\fontdimen 2\font
(fontspec)             \tex_hyphenchar:D \font =-1\scan_stop: 
(fontspec)             - 'bold' (b/n) with NFSS spec.:
(fontspec)             <->s*[1]"[SourceCodePro-Bold.otf]/OT:script=latn;languag
e=dflt;"
(fontspec)             - 'bold small caps'  (b/sc) with NFSS spec.: 
(fontspec)             and font adjustment code:
(fontspec)             \fontdimen 2\font =1\fontdimen 2\font \fontdimen 3\font
(fontspec)             =0\fontdimen 3\font \fontdimen 4\font =0\fontdimen
(fontspec)             4\font \fontdimen 7\font =0\fontdimen 2\font
(fontspec)             \tex_hyphenchar:D \font =-1\scan_stop: 
(fontspec)             - 'italic' (m/it) with NFSS spec.:
(fontspec)             <->s*[1]"[SourceCodePro-RegularIt.otf]/OT:script=latn;la
nguage=dflt;"
(fontspec)             - 'italic small caps'  (m/scit) with NFSS spec.: 
(fontspec)             and font adjustment code:
(fontspec)             \fontdimen 2\font =1\fontdimen 2\font \fontdimen 3\font
(fontspec)             =0\fontdimen 3\font \fontdimen 4\font =0\fontdimen
(fontspec)             4\font \fontdimen 7\font =0\fontdimen 2\font
(fontspec)             \tex_hyphenchar:D \font =-1\scan_stop: 
(fontspec)             - 'bold italic' (b/it) with NFSS spec.:
(fontspec)             <->s*[1]"[SourceCodePro-BoldIt.otf]/OT:script=latn;langu
age=dflt;"
(fontspec)             - 'bold italic small caps'  (b/scit) with NFSS spec.: 
(fontspec)             and font adjustment code:
(fontspec)             \fontdimen 2\font =1\fontdimen 2\font \fontdimen 3\font
(fontspec)             =0\fontdimen 3\font \fontdimen 4\font =0\fontdimen
(fontspec)             4\font \fontdimen 7\font =0\fontdimen 2\font
(fontspec)             \tex_hyphenchar:D \font =-1\scan_stop: 

LaTeX Font Info:    Trying to load font information for TU+minntx on input line
 121.
LaTeX Font Info:    No file TUminntx.fd. on input line 121.


LaTeX Font Warning: Font shape `TU/minntx/m/n' undefined
(Font)              using `TU/lmr/m/n' instead on input line 121.


Package fontspec Info: Font family 'SourceCodePro(1)' created for font
(fontspec)             'SourceCodePro' with options [Ligatures =,Numbers
(fontspec)             =,Scale = 1,Extension = .otf,UprightFont =
(fontspec)             *-Regular,ItalicFont = *-RegularIt,BoldFont =
(fontspec)             *-Bold,BoldItalicFont = *-BoldIt].
(fontspec)              
(fontspec)              This font family consists of the following NFSS
(fontspec)             series/shapes:
(fontspec)              
(fontspec)             - 'normal' (m/n) with NFSS spec.:
(fontspec)             <->s*[1]"[SourceCodePro-Regular.otf]/OT:script=latn;lang
uage=dflt;"
(fontspec)             - 'small caps'  (m/sc) with NFSS spec.: 
(fontspec)             - 'bold' (b/n) with NFSS spec.:
(fontspec)             <->s*[1]"[SourceCodePro-Bold.otf]/OT:script=latn;languag
e=dflt;"
(fontspec)             - 'bold small caps'  (b/sc) with NFSS spec.: 
(fontspec)             - 'italic' (m/it) with NFSS spec.:
(fontspec)             <->s*[1]"[SourceCodePro-RegularIt.otf]/OT:script=latn;la
nguage=dflt;"
(fontspec)             - 'italic small caps'  (m/scit) with NFSS spec.: 
(fontspec)             - 'bold italic' (b/it) with NFSS spec.:
(fontspec)             <->s*[1]"[SourceCodePro-BoldIt.otf]/OT:script=latn;langu
age=dflt;"
(fontspec)             - 'bold italic small caps'  (b/scit) with NFSS spec.: 

Requested font "[SourceCodePro-Medium.otf]/OT" at 12.04497pt
 -> d:/texlive/2023/texmf-dist/fonts/opentype/adobe/sourcecodepro/SourceCodePro
-Medium.otf
Requested font "[SourceCodePro-Medium.otf]/OT" at 12.04503pt
 -> d:/texlive/2023/texmf-dist/fonts/opentype/adobe/sourcecodepro/SourceCodePro
-Medium.otf
Requested font "[SourceCodePro-Medium.otf]/OT:script=latn;language=dflt;" at 12
.04503pt
 -> d:/texlive/2023/texmf-dist/fonts/opentype/adobe/sourcecodepro/SourceCodePro
-Medium.otf
Requested font "[SourceCodePro-MediumIt.otf]/OT:script=latn;language=dflt;" at 
12.04503pt
 -> d:/texlive/2023/texmf-dist/fonts/opentype/adobe/sourcecodepro/SourceCodePro
-MediumIt.otf

Package fontspec Info: Font family 'SourceCodePro(2)' created for font
(fontspec)             'SourceCodePro' with options [Ligatures =,Numbers
(fontspec)             =,Scale = 1,Extension = .otf,UprightFont =
(fontspec)             *-Medium,ItalicFont = *-MediumIt,BoldFont =
(fontspec)             *-Bold,BoldItalicFont = *-BoldIt].
(fontspec)              
(fontspec)              This font family consists of the following NFSS
(fontspec)             series/shapes:
(fontspec)              
(fontspec)             - 'normal' (m/n) with NFSS spec.:
(fontspec)             <->s*[1]"[SourceCodePro-Medium.otf]/OT:script=latn;langu
age=dflt;"
(fontspec)             - 'small caps'  (m/sc) with NFSS spec.: 
(fontspec)             - 'bold' (b/n) with NFSS spec.:
(fontspec)             <->s*[1]"[SourceCodePro-Bold.otf]/OT:script=latn;languag
e=dflt;"
(fontspec)             - 'bold small caps'  (b/sc) with NFSS spec.: 
(fontspec)             - 'italic' (m/it) with NFSS spec.:
(fontspec)             <->s*[1]"[SourceCodePro-MediumIt.otf]/OT:script=latn;lan
guage=dflt;"
(fontspec)             - 'italic small caps'  (m/scit) with NFSS spec.: 
(fontspec)             - 'bold italic' (b/it) with NFSS spec.:
(fontspec)             <->s*[1]"[SourceCodePro-BoldIt.otf]/OT:script=latn;langu
age=dflt;"
(fontspec)             - 'bold italic small caps'  (b/scit) with NFSS spec.: 

Requested font "[SourceCodePro-Light.otf]/OT" at 12.04497pt
 -> d:/texlive/2023/texmf-dist/fonts/opentype/adobe/sourcecodepro/SourceCodePro
-Light.otf
Requested font "[SourceCodePro-Light.otf]/OT" at 12.04503pt
 -> d:/texlive/2023/texmf-dist/fonts/opentype/adobe/sourcecodepro/SourceCodePro
-Light.otf
Requested font "[SourceCodePro-Light.otf]/OT:script=latn;language=dflt;" at 12.
04503pt
 -> d:/texlive/2023/texmf-dist/fonts/opentype/adobe/sourcecodepro/SourceCodePro
-Light.otf
Requested font "[SourceCodePro-Semibold.otf]/OT:script=latn;language=dflt;" at 
12.04503pt
 -> d:/texlive/2023/texmf-dist/fonts/opentype/adobe/sourcecodepro/SourceCodePro
-Semibold.otf
Requested font "[SourceCodePro-LightIt.otf]/OT:script=latn;language=dflt;" at 1
2.04503pt
 -> d:/texlive/2023/texmf-dist/fonts/opentype/adobe/sourcecodepro/SourceCodePro
-LightIt.otf
Requested font "[SourceCodePro-SemiboldIt.otf]/OT:script=latn;language=dflt;" a
t 12.04503pt
 -> d:/texlive/2023/texmf-dist/fonts/opentype/adobe/sourcecodepro/SourceCodePro
-SemiboldIt.otf

Package fontspec Info: Font family 'SourceCodePro(3)' created for font
(fontspec)             'SourceCodePro' with options [Ligatures =,Numbers
(fontspec)             =,Scale = 1,Extension = .otf,UprightFont =
(fontspec)             *-Light,ItalicFont = *-LightIt,BoldFont =
(fontspec)             *-Semibold,BoldItalicFont = *-SemiboldIt].
(fontspec)              
(fontspec)              This font family consists of the following NFSS
(fontspec)             series/shapes:
(fontspec)              
(fontspec)             - 'normal' (m/n) with NFSS spec.:
(fontspec)             <->s*[1]"[SourceCodePro-Light.otf]/OT:script=latn;langua
ge=dflt;"
(fontspec)             - 'small caps'  (m/sc) with NFSS spec.: 
(fontspec)             - 'bold' (b/n) with NFSS spec.:
(fontspec)             <->s*[1]"[SourceCodePro-Semibold.otf]/OT:script=latn;lan
guage=dflt;"
(fontspec)             - 'bold small caps'  (b/sc) with NFSS spec.: 
(fontspec)             - 'italic' (m/it) with NFSS spec.:
(fontspec)             <->s*[1]"[SourceCodePro-LightIt.otf]/OT:script=latn;lang
uage=dflt;"
(fontspec)             - 'italic small caps'  (m/scit) with NFSS spec.: 
(fontspec)             - 'bold italic' (b/it) with NFSS spec.:
(fontspec)             <->s*[1]"[SourceCodePro-SemiboldIt.otf]/OT:script=latn;l
anguage=dflt;"
(fontspec)             - 'bold italic small caps'  (b/scit) with NFSS spec.: 

Requested font "[SourceCodePro-ExtraLight.otf]/OT" at 12.04497pt
 -> d:/texlive/2023/texmf-dist/fonts/opentype/adobe/sourcecodepro/SourceCodePro
-ExtraLight.otf
Requested font "[SourceCodePro-ExtraLight.otf]/OT" at 12.04503pt
 -> d:/texlive/2023/texmf-dist/fonts/opentype/adobe/sourcecodepro/SourceCodePro
-ExtraLight.otf
Requested font "[SourceCodePro-ExtraLight.otf]/OT:script=latn;language=dflt;" a
t 12.04503pt
 -> d:/texlive/2023/texmf-dist/fonts/opentype/adobe/sourcecodepro/SourceCodePro
-ExtraLight.otf
Requested font "[SourceCodePro-Black.otf]/OT:script=latn;language=dflt;" at 12.
04503pt
 -> d:/texlive/2023/texmf-dist/fonts/opentype/adobe/sourcecodepro/SourceCodePro
-Black.otf
Requested font "[SourceCodePro-ExtraLightIt.otf]/OT:script=latn;language=dflt;"
 at 12.04503pt
 -> d:/texlive/2023/texmf-dist/fonts/opentype/adobe/sourcecodepro/SourceCodePro
-ExtraLightIt.otf
Requested font "[SourceCodePro-BlackIt.otf]/OT:script=latn;language=dflt;" at 1
2.04503pt
 -> d:/texlive/2023/texmf-dist/fonts/opentype/adobe/sourcecodepro/SourceCodePro
-BlackIt.otf

Package fontspec Info: Font family 'SourceCodePro(4)' created for font
(fontspec)             'SourceCodePro' with options [Ligatures =,Numbers
(fontspec)             =,Scale = 1,Extension = .otf,UprightFont =
(fontspec)             *-ExtraLight,ItalicFont = *-ExtraLightIt,BoldFont =
(fontspec)             *-Black,BoldItalicFont = *-BlackIt].
(fontspec)              
(fontspec)              This font family consists of the following NFSS
(fontspec)             series/shapes:
(fontspec)              
(fontspec)             - 'normal' (m/n) with NFSS spec.:
(fontspec)             <->s*[1]"[SourceCodePro-ExtraLight.otf]/OT:script=latn;l
anguage=dflt;"
(fontspec)             - 'small caps'  (m/sc) with NFSS spec.: 
(fontspec)             - 'bold' (b/n) with NFSS spec.:
(fontspec)             <->s*[1]"[SourceCodePro-Black.otf]/OT:script=latn;langua
ge=dflt;"
(fontspec)             - 'bold small caps'  (b/sc) with NFSS spec.: 
(fontspec)             - 'italic' (m/it) with NFSS spec.:
(fontspec)             <->s*[1]"[SourceCodePro-ExtraLightIt.otf]/OT:script=latn
;language=dflt;"
(fontspec)             - 'italic small caps'  (m/scit) with NFSS spec.: 
(fontspec)             - 'bold italic' (b/it) with NFSS spec.:
(fontspec)             <->s*[1]"[SourceCodePro-BlackIt.otf]/OT:script=latn;lang
uage=dflt;"
(fontspec)             - 'bold italic small caps'  (b/scit) with NFSS spec.: 


Package fontspec Info: Font family 'SourceCodePro(5)' created for font
(fontspec)             'SourceCodePro' with options [Ligatures =,Numbers
(fontspec)             =,Scale = 1,Extension = .otf,Numbers =,UprightFont =
(fontspec)             *-Regular,ItalicFont = *-RegularIt,BoldFont =
(fontspec)             *-Bold,BoldItalicFont = *-BoldIt].
(fontspec)              
(fontspec)              This font family consists of the following NFSS
(fontspec)             series/shapes:
(fontspec)              
(fontspec)             - 'normal' (m/n) with NFSS spec.:
(fontspec)             <->s*[1]"[SourceCodePro-Regular.otf]/OT:script=latn;lang
uage=dflt;"
(fontspec)             - 'small caps'  (m/sc) with NFSS spec.: 
(fontspec)             - 'bold' (b/n) with NFSS spec.:
(fontspec)             <->s*[1]"[SourceCodePro-Bold.otf]/OT:script=latn;languag
e=dflt;"
(fontspec)             - 'bold small caps'  (b/sc) with NFSS spec.: 
(fontspec)             - 'italic' (m/it) with NFSS spec.:
(fontspec)             <->s*[1]"[SourceCodePro-RegularIt.otf]/OT:script=latn;la
nguage=dflt;"
(fontspec)             - 'italic small caps'  (m/scit) with NFSS spec.: 
(fontspec)             - 'bold italic' (b/it) with NFSS spec.:
(fontspec)             <->s*[1]"[SourceCodePro-BoldIt.otf]/OT:script=latn;langu
age=dflt;"
(fontspec)             - 'bold italic small caps'  (b/scit) with NFSS spec.: 

) (d:/texlive/2023/texmf-dist/tex/latex/was/upgreek.sty
Package: upgreek 2003/02/12 v2.0 (WaS)
Package upgreek Info: Using Euler Roman for upright Greek on input line 31.
\symugrf@m=\mathgroup13
LaTeX Font Info:    Overwriting symbol font `ugrf@m' in version `bold'
(Font)                  U/eur/m/n --> U/eur/b/n on input line 38.
LaTeX Font Info:    Redeclaring math symbol \upalpha on input line 40.
LaTeX Font Info:    Redeclaring math symbol \upbeta on input line 41.
LaTeX Font Info:    Redeclaring math symbol \upgamma on input line 42.
LaTeX Font Info:    Redeclaring math symbol \updelta on input line 43.
LaTeX Font Info:    Redeclaring math symbol \upepsilon on input line 44.
LaTeX Font Info:    Redeclaring math symbol \upzeta on input line 45.
LaTeX Font Info:    Redeclaring math symbol \upeta on input line 46.
LaTeX Font Info:    Redeclaring math symbol \uptheta on input line 47.
LaTeX Font Info:    Redeclaring math symbol \upiota on input line 48.
LaTeX Font Info:    Redeclaring math symbol \upkappa on input line 49.
LaTeX Font Info:    Redeclaring math symbol \uplambda on input line 50.
LaTeX Font Info:    Redeclaring math symbol \upmu on input line 51.
LaTeX Font Info:    Redeclaring math symbol \upnu on input line 52.
LaTeX Font Info:    Redeclaring math symbol \upxi on input line 53.
LaTeX Font Info:    Redeclaring math symbol \uprho on input line 55.
LaTeX Font Info:    Redeclaring math symbol \upsigma on input line 56.
LaTeX Font Info:    Redeclaring math symbol \uptau on input line 57.
LaTeX Font Info:    Redeclaring math symbol \upupsilon on input line 58.
LaTeX Font Info:    Redeclaring math symbol \upphi on input line 59.
LaTeX Font Info:    Redeclaring math symbol \upchi on input line 60.
LaTeX Font Info:    Redeclaring math symbol \uppsi on input line 61.
LaTeX Font Info:    Redeclaring math symbol \upomega on input line 62.
LaTeX Font Info:    Redeclaring math symbol \upvarepsilon on input line 63.
LaTeX Font Info:    Redeclaring math symbol \upvartheta on input line 64.
LaTeX Font Info:    Redeclaring math symbol \upvarpi on input line 65.
LaTeX Font Info:    Redeclaring math symbol \upvarphi on input line 68.
)
(d:/texlive/2023/texmf-dist/tex/latex/wasysym/wasysym.sty
Package: wasysym 2020/01/19 v2.4 Wasy-2 symbol support package
\symwasy=\mathgroup14
LaTeX Font Info:    Overwriting symbol font `wasy' in version `bold'
(Font)                  U/wasy/m/n --> U/wasy/b/n on input line 93.
)
(d:/texlive/2023/texmf-dist/tex/latex/anyfontsize/anyfontsize.sty
Invalid UTF-8 byte or sequence at line 3 replaced by U+FFFD.
Invalid UTF-8 byte or sequence at line 3 replaced by U+FFFD.
Package: anyfontsize 2007/11/22 anyfontsize.sty by pts
)
(d:/texlive/2023/texmf-dist/tex/latex/metalogo/metalogo.sty
Package: metalogo 2010/05/29 v0.12 Extended TeX logo macros
\xl@everylogo=\toks52
\xl@@everylogo=\toks53
LaTeX Info: Redefining \TeX on input line 193.
LaTeX Info: Redefining \LaTeX on input line 202.
LaTeX Info: Redefining \LaTeXe on input line 219.
)
(d:/texlive/2023/texmf-dist/tex/latex/base/doc.sty
Package: doc 2022/07/03 v3.0k Standard LaTeX documentation package V3 (FMi)
\c@StandardModuleDepth=\count359
\guard@level=\count360
\MacrocodeTopsep=\skip90
\MacroIndent=\dimen324
Requested font "[lmroman8-regular]:mapping=tex-text;" at 7.52812pt
 -> d:/texlive/2023/texmf-dist/fonts/opentype/public/lm/lmroman8-regular.otf
\macro@cnt=\count361
\MacroTopsep=\skip91
\IndexMin=\dimen325
\c@IndexColumns=\count362

(d:/texlive/2023/texmf-dist/tex/latex/tools/multicol.sty
Package: multicol 2021/11/30 v1.9d multicolumn formatting (FMi)
\c@tracingmulticols=\count363
\mult@box=\box86
\multicol@leftmargin=\dimen326
\c@unbalance=\count364
\c@collectmore=\count365
\doublecol@number=\count366
\multicoltolerance=\count367
\multicolpretolerance=\count368
\full@width=\dimen327
\page@free=\dimen328
\premulticols=\dimen329
\postmulticols=\dimen330
\multicolsep=\skip92
\multicolbaselineskip=\skip93
\partial@page=\box87
\last@line=\box88
\maxbalancingoverflow=\dimen331
\mult@rightbox=\box89
\mult@grightbox=\box90
\mult@firstbox=\box91
\mult@gfirstbox=\box92
\@tempa=\box93
\@tempa=\box94
\@tempa=\box95
\@tempa=\box96
\@tempa=\box97
\@tempa=\box98
\@tempa=\box99
\@tempa=\box100
\@tempa=\box101
\@tempa=\box102
\@tempa=\box103
\@tempa=\box104
\@tempa=\box105
\@tempa=\box106
\@tempa=\box107
\@tempa=\box108
\@tempa=\box109
\@tempa=\box110
\@tempa=\box111
\@tempa=\box112
\@tempa=\box113
\@tempa=\box114
\@tempa=\box115
\@tempa=\box116
\@tempa=\box117
\@tempa=\box118
\@tempa=\box119
\@tempa=\box120
\@tempa=\box121
\@tempa=\box122
\@tempa=\box123
\@tempa=\box124
\@tempa=\box125
\@tempa=\box126
\@tempa=\box127
\@tempa=\box128
\c@minrows=\count369
\c@columnbadness=\count370
\c@finalcolumnbadness=\count371
\last@try=\dimen332
\multicolovershoot=\dimen333
\multicolundershoot=\dimen334
\mult@nat@firstbox=\box129
\colbreak@box=\box130
\mc@col@check@num=\count372
)
\GlossaryMin=\dimen335
\c@GlossaryColumns=\count373
\check@sum=\count374
\bslash@cnt=\count375
\wrong@table=\toks54
\c@CodelineNo=\count376
\@temptokenb=\toks55
)
(d:/texlive/2023/texmf-dist/tex/latex/tools/array.sty
Package: array 2022/09/04 v2.5g Tabular extension package (FMi)
\col@sep=\dimen336
\ar@mcellbox=\box131
\extrarowheight=\dimen337
\NC@list=\toks56
\extratabsurround=\skip94
\backup@length=\skip95
\ar@cellbox=\box132
)
(d:/texlive/2023/texmf-dist/tex/latex/threeparttable/threeparttable.sty
Package: threeparttable 2003/06/13  v 3.0
\@tempboxb=\box133
)
(d:/texlive/2023/texmf-dist/tex/latex/tools/dcolumn.sty
Package: dcolumn 2014/10/28 v1.06 decimal alignment package (DPC)
)
(d:/texlive/2023/texmf-dist/tex/latex/multirow/multirow.sty
Package: multirow 2021/03/15 v2.8 Span multiple rows of a table
\multirow@colwidth=\skip96
\multirow@cntb=\count377
\multirow@dima=\skip97
\bigstrutjot=\dimen338
)
(d:/texlive/2023/texmf-dist/tex/latex/booktabs/booktabs.sty
Package: booktabs 2020/01/12 v1.61803398 Publication quality tables
\heavyrulewidth=\dimen339
\lightrulewidth=\dimen340
\cmidrulewidth=\dimen341
\belowrulesep=\dimen342
\belowbottomsep=\dimen343
\aboverulesep=\dimen344
\abovetopsep=\dimen345
\cmidrulesep=\dimen346
\cmidrulekern=\dimen347
\defaultaddspace=\dimen348
\@cmidla=\count378
\@cmidlb=\count379
\@aboverulesep=\dimen349
\@belowrulesep=\dimen350
\@thisruleclass=\count380
\@lastruleclass=\count381
\@thisrulewidth=\dimen351
)
(d:/texlive/2023/texmf-dist/tex/latex/epstopdf-pkg/epstopdf.sty
Package: epstopdf 2020-01-24 v2.11 Conversion with epstopdf on the fly (HO)

(d:/texlive/2023/texmf-dist/tex/latex/grfext/grfext.sty
Package: grfext 2019/12/03 v1.3 Manage graphics extensions (HO)

(d:/texlive/2023/texmf-dist/tex/generic/kvdefinekeys/kvdefinekeys.sty
Package: kvdefinekeys 2019-12-19 v1.6 Define keys (HO)
))
(d:/texlive/2023/texmf-dist/tex/latex/kvoptions/kvoptions.sty
Package: kvoptions 2022-06-15 v3.15 Key value format for package options (HO)

(d:/texlive/2023/texmf-dist/tex/latex/kvsetkeys/kvsetkeys.sty
Package: kvsetkeys 2022-10-05 v1.19 Key value parser (HO)
))
(d:/texlive/2023/texmf-dist/tex/latex/epstopdf-pkg/epstopdf-base.sty
Package: epstopdf-base 2020-01-24 v2.11 Base part for package epstopdf


Package epstopdf Warning: Drivers other than `pdftex' and `luatex' are not supp
orted.

)) (d:/texlive/2023/texmf-dist/tex/latex/zref/zref-abspage.sty
Package: zref-abspage 2022-04-07 v2.34 Module abspage for zref (HO)

(d:/texlive/2023/texmf-dist/tex/latex/zref/zref-base.sty
Package: zref-base 2022-04-07 v2.34 Module base for zref (HO)

(d:/texlive/2023/texmf-dist/tex/generic/etexcmds/etexcmds.sty
Package: etexcmds 2019/12/15 v1.7 Avoid name clashes with e-TeX commands (HO)
)
(d:/texlive/2023/texmf-dist/tex/latex/auxhook/auxhook.sty
Package: auxhook 2019-12-17 v1.6 Hooks for auxiliary files (HO)
)
Package zref Info: New property list: main on input line 767.
Package zref Info: New property: default on input line 768.
Package zref Info: New property: page on input line 769.
)
(d:/texlive/2023/texmf-dist/tex/latex/base/atbegshi-ltx.sty
Package: atbegshi-ltx 2021/01/10 v1.0c Emulation of the original atbegshi
package with kernel methods
)
\c@abspage=\count382
Package zref Info: New property: abspage on input line 65.
)
(d:/texlive/2023/texmf-dist/tex/latex/caption/caption.sty
Package: caption 2023/03/12 v3.6j Customizing captions (AR)

(d:/texlive/2023/texmf-dist/tex/latex/caption/caption3.sty
Package: caption3 2023/03/12 v2.4 caption3 kernel (AR)
\caption@tempdima=\dimen352
\captionmargin=\dimen353
\caption@leftmargin=\dimen354
\caption@rightmargin=\dimen355
\caption@width=\dimen356
\caption@indent=\dimen357
\caption@parindent=\dimen358
\caption@hangindent=\dimen359
Package caption Info: Standard document class detected.
)
\c@caption@flags=\count383
\c@continuedfloat=\count384
Package caption Info: float package is loaded.
Package caption Info: listings package is loaded.
Package caption Info: threeparttable package is loaded.
)
(d:/texlive/2023/texmf-dist/tex/latex/caption/bicaption.sty
Package: bicaption 2023/02/19 v1.6 Bilingual Captions (AR)
\bicaption@lang=\count385
Package caption Info: listings package is loaded.
)
(d:/texlive/2023/texmf-dist/tex/latex/caption/subcaption.sty
Package: subcaption 2023/02/19 v1.6 Sub-captions (AR)
Package caption Info: New subtype `subfigure' on input line 239.
\c@subfigure=\count386
Package caption Info: New subtype `subtable' on input line 239.
\c@subtable=\count387
)
(d:/texlive/2023/texmf-dist/tex/latex/biblatex/biblatex.sty
Package: biblatex 2023/03/05 v3.19 programmable bibliographies (PK/MW)

(d:/texlive/2023/texmf-dist/tex/latex/logreq/logreq.sty
Package: logreq 2010/08/04 v1.0 xml request logger
\lrq@indent=\count388

(d:/texlive/2023/texmf-dist/tex/latex/logreq/logreq.def
File: logreq.def 2010/08/04 v1.0 logreq spec v1.0
))
\c@tabx@nest=\count389
\c@listtotal=\count390
\c@listcount=\count391
\c@liststart=\count392
\c@liststop=\count393
\c@citecount=\count394
\c@citetotal=\count395
\c@multicitecount=\count396
\c@multicitetotal=\count397
\c@instcount=\count398
\c@maxnames=\count399
\c@minnames=\count400
\c@maxitems=\count401
\c@minitems=\count402
\c@citecounter=\count403
\c@maxcitecounter=\count404
\c@savedcitecounter=\count405
\c@uniquelist=\count406
\c@uniquename=\count407
\c@refsection=\count408
\c@refsegment=\count409
\c@maxextratitle=\count410
\c@maxextratitleyear=\count411
\c@maxextraname=\count412
\c@maxextradate=\count413
\c@maxextraalpha=\count414
\c@abbrvpenalty=\count415
\c@highnamepenalty=\count416
\c@lownamepenalty=\count417
\c@maxparens=\count418
\c@parenlevel=\count419
\blx@tempcnta=\count420
\blx@tempcntb=\count421
\blx@tempcntc=\count422
\c@blx@maxsection=\count423
\blx@maxsegment@0=\count424
\blx@notetype=\count425
\blx@parenlevel@text=\count426
\blx@parenlevel@foot=\count427
\blx@sectionciteorder@0=\count428
\blx@sectionciteorderinternal@0=\count429
\blx@entrysetcounter=\count430
\blx@biblioinstance=\count431
\labelnumberwidth=\skip98
\labelalphawidth=\skip99
\biblabelsep=\skip100
\bibitemsep=\skip101
\bibnamesep=\skip102
\bibinitsep=\skip103
\bibparsep=\skip104
\bibhang=\skip105
\blx@bcfin=\read5
\blx@bcfout=\write4
\blx@langwohyphens=\language87
\c@mincomprange=\count432
\c@maxcomprange=\count433
\c@mincompwidth=\count434
Package biblatex Info: Trying to load biblatex default data model...
Package biblatex Info: ... file 'blx-dm.def' found.

(d:/texlive/2023/texmf-dist/tex/latex/biblatex/blx-dm.def
File: blx-dm.def 2023/03/05 v3.19 biblatex localization (PK/MW)
)
Package biblatex Info: Trying to load biblatex custom data model...
Package biblatex Info: ... file 'biblatex-dm.cfg' not found.
\c@afterword=\count435
\c@savedafterword=\count436
\c@annotator=\count437
\c@savedannotator=\count438
\c@author=\count439
\c@savedauthor=\count440
\c@bookauthor=\count441
\c@savedbookauthor=\count442
\c@commentator=\count443
\c@savedcommentator=\count444
\c@editor=\count445
\c@savededitor=\count446
\c@editora=\count447
\c@savededitora=\count448
\c@editorb=\count449
\c@savededitorb=\count450
\c@editorc=\count451
\c@savededitorc=\count452
\c@foreword=\count453
\c@savedforeword=\count454
\c@holder=\count455
\c@savedholder=\count456
\c@introduction=\count457
\c@savedintroduction=\count458
\c@namea=\count459
\c@savednamea=\count460
\c@nameb=\count461
\c@savednameb=\count462
\c@namec=\count463
\c@savednamec=\count464
\c@translator=\count465
\c@savedtranslator=\count466
\c@shortauthor=\count467
\c@savedshortauthor=\count468
\c@shorteditor=\count469
\c@savedshorteditor=\count470
\c@labelname=\count471
\c@savedlabelname=\count472
\c@institution=\count473
\c@savedinstitution=\count474
\c@lista=\count475
\c@savedlista=\count476
\c@listb=\count477
\c@savedlistb=\count478
\c@listc=\count479
\c@savedlistc=\count480
\c@listd=\count481
\c@savedlistd=\count482
\c@liste=\count483
\c@savedliste=\count484
\c@listf=\count485
\c@savedlistf=\count486
\c@location=\count487
\c@savedlocation=\count488
\c@organization=\count489
\c@savedorganization=\count490
\c@origlocation=\count491
\c@savedoriglocation=\count492
\c@origpublisher=\count493
\c@savedorigpublisher=\count494
\c@publisher=\count495
\c@savedpublisher=\count496
\c@language=\count497
\c@savedlanguage=\count498
\c@origlanguage=\count499
\c@savedoriglanguage=\count500
\c@pageref=\count501
\c@savedpageref=\count502
\shorthandwidth=\skip106
\shortjournalwidth=\skip107
\shortserieswidth=\skip108
\shorttitlewidth=\skip109
\shortauthorwidth=\skip110
\shorteditorwidth=\skip111
\locallabelnumberwidth=\skip112
\locallabelalphawidth=\skip113
\localshorthandwidth=\skip114
\localshortjournalwidth=\skip115
\localshortserieswidth=\skip116
\localshorttitlewidth=\skip117
\localshortauthorwidth=\skip118
\localshorteditorwidth=\skip119
Package biblatex Info: Trying to load enhanced support for Unicode engines...
Package biblatex Info: ... file 'blx-unicode.def' found.

(d:/texlive/2023/texmf-dist/tex/latex/biblatex/blx-unicode.def)
Package biblatex Info: Trying to load compatibility code...
Package biblatex Info: ... file 'blx-compat.def' found.

(d:/texlive/2023/texmf-dist/tex/latex/biblatex/blx-compat.def
File: blx-compat.def 2023/03/05 v3.19 biblatex compatibility (PK/MW)
)
Package biblatex Info: Trying to load generic definitions...
Package biblatex Info: ... file 'biblatex.def' found.

(d:/texlive/2023/texmf-dist/tex/latex/biblatex/biblatex.def
File: biblatex.def 2023/03/05 v3.19 biblatex compatibility (PK/MW)
\c@textcitecount=\count503
\c@textcitetotal=\count504
\c@textcitemaxnames=\count505
\c@biburlbigbreakpenalty=\count506
\c@biburlbreakpenalty=\count507
\c@biburlnumpenalty=\count508
\c@biburlucpenalty=\count509
\c@biburllcpenalty=\count510
\biburlbigskip=\muskip19
\biburlnumskip=\muskip20
\biburlucskip=\muskip21
\biburllcskip=\muskip22
\c@smartand=\count511
)
Package biblatex Info: Trying to load bibliography style 'numeric'...
Package biblatex Info: ... file 'numeric.bbx' found.

(d:/texlive/2023/texmf-dist/tex/latex/biblatex/bbx/numeric.bbx
File: numeric.bbx 2023/03/05 v3.19 biblatex bibliography style (PK/MW)
Package biblatex Info: Trying to load bibliography style 'standard'...
Package biblatex Info: ... file 'standard.bbx' found.

(d:/texlive/2023/texmf-dist/tex/latex/biblatex/bbx/standard.bbx
File: standard.bbx 2023/03/05 v3.19 biblatex bibliography style (PK/MW)
\c@bbx:relatedcount=\count512
\c@bbx:relatedtotal=\count513
))
Package biblatex Info: Trying to load citation style 'numeric'...
Package biblatex Info: ... file 'numeric.cbx' found.

(d:/texlive/2023/texmf-dist/tex/latex/biblatex/cbx/numeric.cbx
File: numeric.cbx 2023/03/05 v3.19 biblatex citation style (PK/MW)
Package biblatex Info: Redefining '\cite'.
Package biblatex Info: Redefining '\parencite'.
Package biblatex Info: Redefining '\footcite'.
Package biblatex Info: Redefining '\footcitetext'.
Package biblatex Info: Redefining '\smartcite'.
Package biblatex Info: Redefining '\supercite'.
Package biblatex Info: Redefining '\textcite'.
Package biblatex Info: Redefining '\textcites'.
Package biblatex Info: Redefining '\cites'.
Package biblatex Info: Redefining '\parencites'.
Package biblatex Info: Redefining '\smartcites'.
)
Package biblatex Info: Trying to load configuration file...
Package biblatex Info: ... file 'biblatex.cfg' found.

(d:/texlive/2023/texmf-dist/tex/latex/biblatex/biblatex.cfg
File: biblatex.cfg 
)
Package biblatex Info: XeTeX detected.
(biblatex)             Assuming input encoding 'utf8'.
Package biblatex Info: Document encoding is UTF8 ....
Package biblatex Info: ... and expl3
(biblatex)             2023-02-22 L3 programming layer (loader) 
(biblatex)             is new enough (at least 2020/04/06),
(biblatex)             setting 'casechanger=expl3'.

(d:/texlive/2023/texmf-dist/tex/latex/biblatex/blx-case-expl3.sty
Package: blx-case-expl3 2023/03/05 v3.19 expl3 case changing code for biblatex
))
(d:/texlive/2023/texmf-dist/tex/latex/hyperref/hyperref.sty
Package: hyperref 2023-02-07 v7.00v Hypertext links for LaTeX

(d:/texlive/2023/texmf-dist/tex/generic/pdfescape/pdfescape.sty
Package: pdfescape 2019/12/09 v1.15 Implements pdfTeX's escape features (HO)
)
(d:/texlive/2023/texmf-dist/tex/latex/hycolor/hycolor.sty
Package: hycolor 2020-01-27 v1.10 Color options for hyperref/bookmark (HO)
)
(d:/texlive/2023/texmf-dist/tex/latex/letltxmacro/letltxmacro.sty
Package: letltxmacro 2019/12/03 v1.6 Let assignment for LaTeX macros (HO)
)
(d:/texlive/2023/texmf-dist/tex/latex/hyperref/nameref.sty
Package: nameref 2022-05-17 v2.50 Cross-referencing by name of section

(d:/texlive/2023/texmf-dist/tex/latex/refcount/refcount.sty
Package: refcount 2019/12/15 v3.6 Data extraction from label references (HO)
)
(d:/texlive/2023/texmf-dist/tex/generic/gettitlestring/gettitlestring.sty
Package: gettitlestring 2019/12/15 v1.6 Cleanup title references (HO)
)
\c@section@level=\count514
)
\@linkdim=\dimen360
\Hy@linkcounter=\count515
\Hy@pagecounter=\count516

(d:/texlive/2023/texmf-dist/tex/latex/hyperref/pd1enc.def
File: pd1enc.def 2023-02-07 v7.00v Hyperref: PDFDocEncoding definition (HO)
)
(d:/texlive/2023/texmf-dist/tex/generic/intcalc/intcalc.sty
Package: intcalc 2019/12/15 v1.3 Expandable calculations with integers (HO)
)
\Hy@SavedSpaceFactor=\count517

(d:/texlive/2023/texmf-dist/tex/latex/hyperref/puenc.def
File: puenc.def 2023-02-07 v7.00v Hyperref: PDF Unicode definition (HO)
)
Package hyperref Info: Option `unicode' set `true' on input line 4060.
Package hyperref Info: Option `unicode' set `true' on input line 4060.
Package hyperref Info: Option `bookmarksnumbered' set `true' on input line 4060
.
Package hyperref Info: Option `colorlinks' set `true' on input line 4060.
Package hyperref Info: Option `plainpages' set `false' on input line 4060.
Package hyperref Info: Hyper figures OFF on input line 4177.
Package hyperref Info: Link nesting OFF on input line 4182.
Package hyperref Info: Hyper index ON on input line 4185.
Package hyperref Info: Plain pages OFF on input line 4192.
Package hyperref Info: Backreferencing OFF on input line 4197.
Package hyperref Info: Implicit mode ON; LaTeX internals redefined.
Package hyperref Info: Bookmarks ON on input line 4425.
\c@Hy@tempcnt=\count518
LaTeX Info: Redefining \url on input line 4763.
\XeTeXLinkMargin=\dimen361
Requested font "pzdr" at 0.00002pt
 -> d:/texlive/2023/texmf-dist/fonts/tfm/adobe/zapfding/pzdr.tfm

(d:/texlive/2023/texmf-dist/tex/generic/bitset/bitset.sty
Package: bitset 2019/12/09 v1.3 Handle bit-vector datatype (HO)

(d:/texlive/2023/texmf-dist/tex/generic/bigintcalc/bigintcalc.sty
Package: bigintcalc 2019/12/15 v1.5 Expandable calculations on big integers (HO
)
))
\Fld@menulength=\count519
\Field@Width=\dimen362
\Fld@charsize=\dimen363
Package hyperref Info: Hyper figures OFF on input line 6042.
Package hyperref Info: Link nesting OFF on input line 6047.
Package hyperref Info: Hyper index ON on input line 6050.
Package hyperref Info: backreferencing OFF on input line 6057.
Package hyperref Info: Link coloring ON on input line 6060.
Package hyperref Info: Link coloring with OCG OFF on input line 6067.
Package hyperref Info: PDF/A mode OFF on input line 6072.
\Hy@abspage=\count520
\c@Item=\count521
\c@Hfootnote=\count522
)
Package hyperref Info: Driver (autodetected): hxetex.

(d:/texlive/2023/texmf-dist/tex/latex/hyperref/hxetex.def
File: hxetex.def 2023-02-07 v7.00v Hyperref driver for XeTeX

(d:/texlive/2023/texmf-dist/tex/generic/stringenc/stringenc.sty
Package: stringenc 2019/11/29 v1.12 Convert strings between diff. encodings (HO
)
)
\pdfm@box=\box134
\c@Hy@AnnotLevel=\count523
\HyField@AnnotCount=\count524
\Fld@listcount=\count525
\c@bookmark@seq@number=\count526

(d:/texlive/2023/texmf-dist/tex/latex/rerunfilecheck/rerunfilecheck.sty
Package: rerunfilecheck 2022-07-10 v1.10 Rerun checks for auxiliary files (HO)

(d:/texlive/2023/texmf-dist/tex/latex/base/atveryend-ltx.sty
Package: atveryend-ltx 2020/08/19 v1.0a Emulation of the original atveryend pac
kage
with kernel methods
)
(d:/texlive/2023/texmf-dist/tex/generic/uniquecounter/uniquecounter.sty
Package: uniquecounter 2019/12/15 v1.4 Provide unlimited unique counter (HO)
)
Package uniquecounter Info: New unique counter `rerunfilecheck' on input line 2
85.
)
\Hy@SectionHShift=\skip120
)
(d:/texlive/2023/texmf-dist/tex/latex/bookmark/bookmark.sty
Package: bookmark 2020-11-06 v1.29 PDF bookmarks (HO)

(d:/texlive/2023/texmf-dist/tex/latex/bookmark/bkm-dvipdfm.def
File: bkm-dvipdfm.def 2020-11-06 v1.29 bookmark driver for dvipdfm (HO)
\BKM@id=\count527
))
(d:/texlive/2023/texmf-dist/tex/latex/tools/longtable.sty
Package: longtable 2021-09-01 v4.17 Multi-page Table package (DPC)
\LTleft=\skip121
\LTright=\skip122
\LTpre=\skip123
\LTpost=\skip124
\LTchunksize=\count528
\LTcapwidth=\dimen364
\LT@head=\box135
\LT@firsthead=\box136
\LT@foot=\box137
\LT@lastfoot=\box138
\LT@gbox=\box139
\LT@cols=\count529
\LT@rows=\count530
\c@LT@tables=\count531
\c@LT@chunks=\count532
\LT@p@ftn=\toks57
)
(d:/texlive/2023/texmf-dist/tex/latex/footmisc/footmisc.sty
Package: footmisc 2022/03/08 v6.0d a miscellany of footnote facilities
\FN@temptoken=\toks58
\footnotemargin=\dimen365
\@outputbox@depth=\dimen366

(d:/texlive/2023/texmf-dist/tex/latex/bigfoot/perpage.sty
Package: perpage 2014/10/25 2.0 Reset/sort counters per page
)
\c@pp@a@footnote=\count533
Package footmisc Info: Declaring symbol style bringhurst on input line 695.
Package footmisc Info: Declaring symbol style chicago on input line 703.
Package footmisc Info: Declaring symbol style wiley on input line 712.
Package footmisc Info: Declaring symbol style lamport-robust on input line 723.

Package footmisc Info: Declaring symbol style lamport* on input line 743.
Package footmisc Info: Declaring symbol style lamport*-robust on input line 764
.
)
(d:/texlive/2023/texmf-dist/tex/latex/enumitem/enumitem.sty
Package: enumitem 2019/06/20 v3.9 Customized lists
\labelindent=\skip125
\enit@outerparindent=\dimen367
\enit@toks=\toks59
\enit@inbox=\box140
\enit@count@id=\count534
\enitdp@description=\count535
)
(d:/texlive/2023/texmf-dist/tex/latex/pdfpages/pdfpages.sty
Package: pdfpages 2022/12/19 v0.5x Insert pages of external PDF documents (AM)
\AM@pagewidth=\dimen368
\AM@pageheight=\dimen369
\AM@fboxrule=\dimen370

(d:/texlive/2023/texmf-dist/tex/latex/pdfpages/ppxetex.def
File: ppxetex.def 2022/12/19 v0.5x Pdfpages driver for XeTeX (AM)
)
\pdfpages@includegraphics@status=\count536
\AM@pagebox=\box141
\AM@global@opts=\toks60
\AM@pagecnt=\count537
\AM@toc@title=\toks61
\AM@lof@heading=\toks62
\c@AM@survey=\count538
\AM@templatesizebox=\box142
)
(d:/texlive/2023/texmf-dist/tex/latex/algorithms/algorithm.sty
Invalid UTF-8 byte or sequence at line 11 replaced by U+FFFD.
Package: algorithm 2009/08/24 v0.1 Document Style `algorithm' - floating enviro
nment
\@float@every@algorithm=\toks63
\c@algorithm=\count539
)
(d:/texlive/2023/texmf-dist/tex/latex/algorithmicx/algorithmicx.sty
Package: algorithmicx 2005/04/27 v1.2 Algorithmicx

Document Style algorithmicx 1.2 - a greatly improved `algorithmic' style
\c@ALG@line=\count540
\c@ALG@rem=\count541
\c@ALG@nested=\count542
\ALG@tlm=\skip126
\ALG@thistlm=\skip127
\c@ALG@Lnr=\count543
\c@ALG@blocknr=\count544
\c@ALG@storecount=\count545
\c@ALG@tmpcounter=\count546
\ALG@tmplength=\skip128
) (d:/texlive/2023/texmf-dist/tex/latex/algorithmicx/algpseudocode.sty
Package: algpseudocode 

Document Style - pseudocode environments for use with the `algorithmicx' style
) (d:/texlive/2023/texmf-dist/tex/latex/siunitx/siunitx.sty
Package: siunitx 2023-03-04 v3.2.2 A comprehensive (SI) units package
\l__siunitx_angle_tmp_dim=\dimen371
\l__siunitx_angle_marker_box=\box143
\l__siunitx_angle_unit_box=\box144
\l__siunitx_compound_count_int=\count547

(d:/texlive/2023/texmf-dist/tex/latex/translations/translations.sty
Package: translations 2022/02/05 v1.12 internationalization of LaTeX2e packages
 (CN)
)
\l__siunitx_number_exponent_fixed_int=\count548
\l__siunitx_number_min_decimal_int=\count549
\l__siunitx_number_min_integer_int=\count550
\l__siunitx_number_round_precision_int=\count551
\l__siunitx_number_lower_threshold_int=\count552
\l__siunitx_number_upper_threshold_int=\count553
\l__siunitx_number_group_first_int=\count554
\l__siunitx_number_group_size_int=\count555
\l__siunitx_number_group_minimum_int=\count556
\l__siunitx_table_tmp_box=\box145
\l__siunitx_table_tmp_dim=\dimen372
\l__siunitx_table_column_width_dim=\dimen373
\l__siunitx_table_integer_box=\box146
\l__siunitx_table_decimal_box=\box147
\l__siunitx_table_uncert_box=\box148
\l__siunitx_table_before_box=\box149
\l__siunitx_table_after_box=\box150
\l__siunitx_table_before_dim=\dimen374
\l__siunitx_table_carry_dim=\dimen375
\l__siunitx_unit_tmp_int=\count557
\l__siunitx_unit_position_int=\count558
\l__siunitx_unit_total_int=\count559
)
(d:/texlive/2023/texmf-dist/tex/latex/tikz-cd/tikz-cd.sty
Package: tikz-cd 2021/05/04 v1.0 Commutative diagrams with TikZ

(d:/texlive/2023/texmf-dist/tex/generic/tikz-cd/tikzlibrarycd.code.tex
(d:/texlive/2023/texmf-dist/tex/generic/pgf/frontendlayer/tikz/libraries/tikzli
brarymatrix.code.tex
File: tikzlibrarymatrix.code.tex 2023-01-15 v3.1.10 (3.1.10)
)
(d:/texlive/2023/texmf-dist/tex/generic/pgf/frontendlayer/tikz/libraries/tikzli
braryquotes.code.tex
File: tikzlibraryquotes.code.tex 2023-01-15 v3.1.10 (3.1.10)
)
(d:/texlive/2023/texmf-dist/tex/generic/pgf/libraries/pgflibraryarrows.meta.cod
e.tex
File: pgflibraryarrows.meta.code.tex 2023-01-15 v3.1.10 (3.1.10)
\pgfarrowinset=\dimen376
\pgfarrowlength=\dimen377
\pgfarrowwidth=\dimen378
\pgfarrowlinewidth=\dimen379
))) (d:/texlive/2023/texmf-dist/tex/latex/marginnote/marginnote.sty
Package: marginnote 2018/08/09 v1.4b non floating margin notes for LaTeX
\c@mn@abspage=\count560
)
(d:/texlive/2023/texmf-dist/tex/latex/lipsum/lipsum.sty
(d:/texlive/2023/texmf-dist/tex/latex/l3packages/l3keys2e/l3keys2e.sty
Package: l3keys2e 2023-02-02 LaTeX2e option processing using LaTeX3 keys
)
Package: lipsum 2021-09-20 v2.7 150 paragraphs of Lorem Ipsum dummy text
\g__lipsum_par_int=\count561
\l__lipsum_a_int=\count562
\l__lipsum_b_int=\count563

(d:/texlive/2023/texmf-dist/tex/latex/lipsum/lipsum.ltd.tex))
(d:/texlive/2023/texmf-dist/tex/generic/pgf/frontendlayer/tikz/libraries/tikzli
braryshapes.geometric.code.tex
File: tikzlibraryshapes.geometric.code.tex 2023-01-15 v3.1.10 (3.1.10)

(d:/texlive/2023/texmf-dist/tex/generic/pgf/libraries/shapes/pgflibraryshapes.g
eometric.code.tex
File: pgflibraryshapes.geometric.code.tex 2023-01-15 v3.1.10 (3.1.10)
))
(d:/texlive/2023/texmf-dist/tex/generic/pgf/frontendlayer/tikz/libraries/tikzli
braryarrows.code.tex
File: tikzlibraryarrows.code.tex 2023-01-15 v3.1.10 (3.1.10)

(d:/texlive/2023/texmf-dist/tex/generic/pgf/libraries/pgflibraryarrows.code.tex
File: pgflibraryarrows.code.tex 2023-01-15 v3.1.10 (3.1.10)
\arrowsize=\dimen380
))
(d:/texlive/2023/texmf-dist/tex/generic/pgf/frontendlayer/tikz/libraries/tikzli
braryshapes.code.tex
File: tikzlibraryshapes.code.tex 2023-01-15 v3.1.10 (3.1.10)

(d:/texlive/2023/texmf-dist/tex/generic/pgf/frontendlayer/tikz/libraries/tikzli
braryshapes.misc.code.tex
File: tikzlibraryshapes.misc.code.tex 2023-01-15 v3.1.10 (3.1.10)

(d:/texlive/2023/texmf-dist/tex/generic/pgf/libraries/shapes/pgflibraryshapes.m
isc.code.tex
File: pgflibraryshapes.misc.code.tex 2023-01-15 v3.1.10 (3.1.10)
))
(d:/texlive/2023/texmf-dist/tex/generic/pgf/frontendlayer/tikz/libraries/tikzli
braryshapes.symbols.code.tex
File: tikzlibraryshapes.symbols.code.tex 2023-01-15 v3.1.10 (3.1.10)

(d:/texlive/2023/texmf-dist/tex/generic/pgf/libraries/shapes/pgflibraryshapes.s
ymbols.code.tex
File: pgflibraryshapes.symbols.code.tex 2023-01-15 v3.1.10 (3.1.10)
))
(d:/texlive/2023/texmf-dist/tex/generic/pgf/frontendlayer/tikz/libraries/tikzli
braryshapes.arrows.code.tex
File: tikzlibraryshapes.arrows.code.tex 2023-01-15 v3.1.10 (3.1.10)

(d:/texlive/2023/texmf-dist/tex/generic/pgf/libraries/shapes/pgflibraryshapes.a
rrows.code.tex
File: pgflibraryshapes.arrows.code.tex 2023-01-15 v3.1.10 (3.1.10)
))
(d:/texlive/2023/texmf-dist/tex/generic/pgf/frontendlayer/tikz/libraries/tikzli
braryshapes.callouts.code.tex
(d:/texlive/2023/texmf-dist/tex/generic/pgf/libraries/shapes/pgflibraryshapes.c
allouts.code.tex))
(d:/texlive/2023/texmf-dist/tex/generic/pgf/frontendlayer/tikz/libraries/tikzli
braryshapes.multipart.code.tex
File: tikzlibraryshapes.multipart.code.tex 2023-01-15 v3.1.10 (3.1.10)

(d:/texlive/2023/texmf-dist/tex/generic/pgf/libraries/shapes/pgflibraryshapes.m
ultipart.code.tex
File: pgflibraryshapes.multipart.code.tex 2023-01-15 v3.1.10 (3.1.10)
\pgfnodepartlowerbox=\box151
\pgfnodeparttwobox=\box152
\pgfnodepartthreebox=\box153
\pgfnodepartfourbox=\box154
\pgfnodeparttwentybox=\box155
\pgfnodepartnineteenbox=\box156
\pgfnodeparteighteenbox=\box157
\pgfnodepartseventeenbox=\box158
\pgfnodepartsixteenbox=\box159
\pgfnodepartfifteenbox=\box160
\pgfnodepartfourteenbox=\box161
\pgfnodepartthirteenbox=\box162
\pgfnodeparttwelvebox=\box163
\pgfnodepartelevenbox=\box164
\pgfnodeparttenbox=\box165
\pgfnodepartninebox=\box166
\pgfnodeparteightbox=\box167
\pgfnodepartsevenbox=\box168
\pgfnodepartsixbox=\box169
\pgfnodepartfivebox=\box170
)))
(d:/texlive/2023/texmf-dist/tex/generic/pgf/frontendlayer/tikz/libraries/tikzli
brarydecorations.code.tex
(d:/texlive/2023/texmf-dist/tex/generic/pgf/modules/pgfmoduledecorations.code.t
ex
\pgfdecoratedcompleteddistance=\dimen381
\pgfdecoratedremainingdistance=\dimen382
\pgfdecoratedinputsegmentcompleteddistance=\dimen383
\pgfdecoratedinputsegmentremainingdistance=\dimen384
\pgf@decorate@distancetomove=\dimen385
\pgf@decorate@repeatstate=\count564
\pgfdecorationsegmentamplitude=\dimen386
\pgfdecorationsegmentlength=\dimen387
)
\tikz@lib@dec@box=\box171
)
(d:/texlive/2023/texmf-dist/tex/generic/pgf/frontendlayer/tikz/libraries/tikzli
braryintersections.code.tex
(d:/texlive/2023/texmf-dist/tex/generic/pgf/libraries/pgflibraryintersections.c
ode.tex
(d:/texlive/2023/texmf-dist/tex/generic/pgf/libraries/pgflibraryfpu.code.tex)
\pgf@intersect@solutions=\count565
))
(d:/texlive/2023/texmf-dist/tex/generic/pgf/frontendlayer/tikz/libraries/tikzli
brarydecorations.text.code.tex
(d:/texlive/2023/texmf-dist/tex/generic/pgf/libraries/decorations/pgflibrarydec
orations.text.code.tex
\pgf@lib@dec@text@box=\box172
)
\tikz@lib@dec@te@box=\box173
)

Package siunitx Info: Option "detect-all" has been deprecated in this release.
(siunitx)             
(siunitx)             Use "mode = match, propagate-math-font = true,
(siunitx)             reset-math-version = false, reset-text-family = false,
(siunitx)             reset-text-series = false, reset-text-shape = false,
(siunitx)             text-family-to-math = true, text-series-to-math = true"
(siunitx)             as a replacement.

\c@tcb@cnt@mydef=\count566
\c@tcb@cnt@mythm=\count567
\c@tcb@cnt@mylemma=\count568
\c@tcb@cnt@myprop=\count569
\c@tcb@cnt@myproperty=\count570
\c@tcb@cnt@mycor=\count571
\c@keypoint=\count572

(d:/texlive/2023/texmf-dist/tex/latex/mdframed/mdframed.sty
Package: mdframed 2013/07/01 1.9b: mdframed

(d:/texlive/2023/texmf-dist/tex/latex/needspace/needspace.sty
Package: needspace 2010/09/12 v1.3d reserve vertical space
)
\mdf@templength=\skip129
\c@mdf@globalstyle@cnt=\count573
\mdf@skipabove@length=\skip130
\mdf@skipbelow@length=\skip131
\mdf@leftmargin@length=\skip132
\mdf@rightmargin@length=\skip133
\mdf@innerleftmargin@length=\skip134
\mdf@innerrightmargin@length=\skip135
\mdf@innertopmargin@length=\skip136
\mdf@innerbottommargin@length=\skip137
\mdf@splittopskip@length=\skip138
\mdf@splitbottomskip@length=\skip139
\mdf@outermargin@length=\skip140
\mdf@innermargin@length=\skip141
\mdf@linewidth@length=\skip142
\mdf@innerlinewidth@length=\skip143
\mdf@middlelinewidth@length=\skip144
\mdf@outerlinewidth@length=\skip145
\mdf@roundcorner@length=\skip146
\mdf@footenotedistance@length=\skip147
\mdf@userdefinedwidth@length=\skip148
\mdf@needspace@length=\skip149
\mdf@frametitleaboveskip@length=\skip150
\mdf@frametitlebelowskip@length=\skip151
\mdf@frametitlerulewidth@length=\skip152
\mdf@frametitleleftmargin@length=\skip153
\mdf@frametitlerightmargin@length=\skip154
\mdf@shadowsize@length=\skip155
\mdf@extratopheight@length=\skip156
\mdf@subtitleabovelinewidth@length=\skip157
\mdf@subtitlebelowlinewidth@length=\skip158
\mdf@subtitleaboveskip@length=\skip159
\mdf@subtitlebelowskip@length=\skip160
\mdf@subtitleinneraboveskip@length=\skip161
\mdf@subtitleinnerbelowskip@length=\skip162
\mdf@subsubtitleabovelinewidth@length=\skip163
\mdf@subsubtitlebelowlinewidth@length=\skip164
\mdf@subsubtitleaboveskip@length=\skip165
\mdf@subsubtitlebelowskip@length=\skip166
\mdf@subsubtitleinneraboveskip@length=\skip167
\mdf@subsubtitleinnerbelowskip@length=\skip168

(d:/texlive/2023/texmf-dist/tex/latex/mdframed/md-frame-0.mdf
File: md-frame-0.mdf 2013/07/01\ 1.9b: md-frame-0
)
\mdf@frametitlebox=\box174
\mdf@footnotebox=\box175
\mdf@splitbox@one=\box176
\mdf@splitbox@two=\box177
\mdf@splitbox@save=\box178
\mdfsplitboxwidth=\skip169
\mdfsplitboxtotalwidth=\skip170
\mdfsplitboxheight=\skip171
\mdfsplitboxdepth=\skip172
\mdfsplitboxtotalheight=\skip173
\mdfframetitleboxwidth=\skip174
\mdfframetitleboxtotalwidth=\skip175
\mdfframetitleboxheight=\skip176
\mdfframetitleboxdepth=\skip177
\mdfframetitleboxtotalheight=\skip178
\mdffootnoteboxwidth=\skip179
\mdffootnoteboxtotalwidth=\skip180
\mdffootnoteboxheight=\skip181
\mdffootnoteboxdepth=\skip182
\mdffootnoteboxtotalheight=\skip183
\mdftotallinewidth=\skip184
\mdfboundingboxwidth=\skip185
\mdfboundingboxtotalwidth=\skip186
\mdfboundingboxheight=\skip187
\mdfboundingboxdepth=\skip188
\mdfboundingboxtotalheight=\skip189
\mdf@freevspace@length=\skip190
\mdf@horizontalwidthofbox@length=\skip191
\mdf@verticalmarginwhole@length=\skip192
\mdf@horizontalspaceofbox=\skip193
\mdfsubtitleheight=\skip194
\mdfsubsubtitleheight=\skip195
\c@mdfcountframes=\count574

****** mdframed patching \endmdf@trivlist

****** -- success******

\mdf@envdepth=\count575
\c@mdf@env@i=\count576
\c@mdf@env@ii=\count577
\c@mdf@zref@counter=\count578
Package zref Info: New property: mdf@pagevalue on input line 895.
)
\c@exerciseT=\count579
) (./qbook.cfg
File: qbook.cfg 2019/03/19 v1.00 Qbook configuration file
)
Requested font "Source Han Serif CN" at 12.04498pt
 -> C:/Windows/fonts/SourceHanSerifCN-Regular.otf


Package xeCJK Warning: Redefining CJKfamily `\CJKrmdefault' (SimSun(0)).

Requested font "Source Han Serif CN/OT" at 12.04497pt
 -> C:/Windows/fonts/SourceHanSerifCN-Regular.otf
Requested font "Source Han Serif CN/OT" at 12.04503pt
 -> C:/Windows/fonts/SourceHanSerifCN-Regular.otf
Requested font "KaiTi/B/OT:script=hani;language=dflt;" at 12.04501pt
 -> C:/Windows/fonts/simkai.ttf

Package fontspec Info: Could not resolve font "KaiTi/B" (it probably doesn't
(fontspec)             exist).

Requested font "Source Han Serif CN Bold/OT:script=hani;language=dflt;" at 12.0
4501pt
 -> C:/Windows/fonts/SourceHanSerifCN-Bold.otf
Requested font "Source Han Serif CN Bold/I/OT:script=hani;language=dflt;" at 12
.04501pt
 -> C:/Windows/fonts/SourceHanSerifCN-Bold.otf

Package fontspec Info: Could not resolve font "Source Han Serif CN Bold/I" (it
(fontspec)             probably doesn't exist).

Requested font "Source Han Serif CN/OT:script=hani;language=dflt;" at 12.04501p
t
 -> C:/Windows/fonts/SourceHanSerifCN-Regular.otf
Requested font "Source Han Serif CN/BI/OT:script=hani;language=dflt;" at 12.045
01pt
 -> C:/Windows/fonts/SourceHanSerifCN-Bold.otf
Requested font "Source Han Serif CN/OT:script=hani;language=dflt;" at 12.04503p
t
 -> C:/Windows/fonts/SourceHanSerifCN-Regular.otf
Requested font "Source Han Serif CN Bold/OT:script=hani;language=dflt;" at 12.0
4503pt
 -> C:/Windows/fonts/SourceHanSerifCN-Bold.otf
Requested font "Source Han Serif CN/BI/OT:script=hani;language=dflt;" at 12.045
03pt
 -> C:/Windows/fonts/SourceHanSerifCN-Bold.otf
Requested font "Source Han Serif CN/BI/OT:script=hani;language=dflt;" at 12.045
03pt
 -> C:/Windows/fonts/SourceHanSerifCN-Bold.otf

Package fontspec Info: Font family 'SourceHanSerifCN(0)' created for font
(fontspec)             'Source Han Serif CN' with options
(fontspec)             [Script={CJK},BoldFont={Source Han Serif CN
(fontspec)             Bold},ItalicFont={KaiTi}].
(fontspec)              
(fontspec)              This font family consists of the following NFSS
(fontspec)             series/shapes:
(fontspec)              
(fontspec)             - 'normal' (m/n) with NFSS spec.: <->"Source Han Serif
(fontspec)             CN/OT:script=hani;language=dflt;"
(fontspec)             - 'small caps'  (m/sc) with NFSS spec.: 
(fontspec)             - 'bold' (b/n) with NFSS spec.: <->"Source Han Serif CN
(fontspec)             Bold/OT:script=hani;language=dflt;"
(fontspec)             - 'bold small caps'  (b/sc) with NFSS spec.: 
(fontspec)             - 'italic' (m/it) with NFSS spec.:
(fontspec)             <->"KaiTi/OT:script=hani;language=dflt;"
(fontspec)             - 'italic small caps'  (m/scit) with NFSS spec.: 
(fontspec)             - 'bold italic' (b/it) with NFSS spec.: <->"Source Han
(fontspec)             Serif CN/BI/OT:script=hani;language=dflt;"
(fontspec)             - 'bold italic small caps'  (b/scit) with NFSS spec.: 


Package xeCJK Warning: Redefining CJKfamily `\CJKsfdefault' (Microsoft YaHei).


Package xeCJK Warning: Redefining CJKfamily `\CJKttdefault' (FangSong).

(d:/texlive/2023/texmf-dist/tex/latex/newtx/TeXGyreTermesX.fontspec)
Requested font "[TeXGyreTermesX-Regular.otf]/OT" at 12.04497pt
 -> d:/texlive/2023/texmf-dist/fonts/opentype/public/newtx/TeXGyreTermesX-Regul
ar.otf
Requested font "[TeXGyreTermesX-Regular.otf]/OT" at 12.04503pt
 -> d:/texlive/2023/texmf-dist/fonts/opentype/public/newtx/TeXGyreTermesX-Regul
ar.otf
Requested font "[TeXGyreTermesX-Regular.otf]/OT:script=latn;language=dflt;" at 
12.04503pt
 -> d:/texlive/2023/texmf-dist/fonts/opentype/public/newtx/TeXGyreTermesX-Regul
ar.otf
Requested font "[TeXGyreTermesX-Bold.otf]/OT:script=latn;language=dflt;" at 12.
04503pt
 -> d:/texlive/2023/texmf-dist/fonts/opentype/public/newtx/TeXGyreTermesX-Bold.
otf
Requested font "[TeXGyreTermesX-Italic.otf]/OT:script=latn;language=dflt;" at 1
2.04503pt
 -> d:/texlive/2023/texmf-dist/fonts/opentype/public/newtx/TeXGyreTermesX-Itali
c.otf
Requested font "[TeXGyreTermesX-Slanted.otf]/OT:script=latn;language=dflt;" at 
12.04503pt
 -> d:/texlive/2023/texmf-dist/fonts/opentype/public/newtx/TeXGyreTermesX-Slant
ed.otf
Requested font "[TeXGyreTermesX-BoldItalic.otf]/OT:script=latn;language=dflt;" 
at 12.04503pt
 -> d:/texlive/2023/texmf-dist/fonts/opentype/public/newtx/TeXGyreTermesX-BoldI
talic.otf
Requested font "[TeXGyreTermesX-BoldSlanted.otf]/OT:script=latn;language=dflt;"
 at 12.04503pt
 -> d:/texlive/2023/texmf-dist/fonts/opentype/public/newtx/TeXGyreTermesX-BoldS
lanted.otf

Package fontspec Info: Font family 'TeXGyreTermesX(0)' created for font
(fontspec)             'TeXGyreTermesX' with options [Ligatures=TeX,Extension
(fontspec)             = .otf,UprightFont = TeXGyreTermesX-Regular,BoldFont =
(fontspec)             TeXGyreTermesX-Bold,ItalicFont =
(fontspec)             TeXGyreTermesX-Italic,BoldItalicFont =
(fontspec)             TeXGyreTermesX-BoldItalic,SlantedFont =
(fontspec)             *-Slanted,BoldSlantedFont= *-BoldSlanted,Numbers =
(fontspec)             {Monospaced,Lining},UprightFont = *-Regular,ItalicFont
(fontspec)             = *-Italic,BoldFont = *-Bold,BoldItalicFont =
(fontspec)             *-BoldItalic,SlantedFont = *-Slanted,BoldSlantedFont=
(fontspec)             *-BoldSlanted].
(fontspec)              
(fontspec)              This font family consists of the following NFSS
(fontspec)             series/shapes:
(fontspec)              
(fontspec)             - 'normal' (m/n) with NFSS spec.:
(fontspec)             <->"[TeXGyreTermesX-Regular.otf]/OT:script=latn;language
=dflt;+tnum;+lnum;mapping=tex-text;"
(fontspec)             - 'small caps'  (m/sc) with NFSS spec.:
(fontspec)             <->"[TeXGyreTermesX-Regular.otf]/OT:script=latn;language
=dflt;+tnum;+lnum;+smcp;mapping=tex-text;"
(fontspec)             - 'bold' (b/n) with NFSS spec.:
(fontspec)             <->"[TeXGyreTermesX-Bold.otf]/OT:script=latn;language=df
lt;+tnum;+lnum;mapping=tex-text;"
(fontspec)             - 'bold small caps'  (b/sc) with NFSS spec.:
(fontspec)             <->"[TeXGyreTermesX-Bold.otf]/OT:script=latn;language=df
lt;+tnum;+lnum;+smcp;mapping=tex-text;"
(fontspec)             - 'italic' (m/it) with NFSS spec.:
(fontspec)             <->"[TeXGyreTermesX-Italic.otf]/OT:script=latn;language=
dflt;+tnum;+lnum;mapping=tex-text;"
(fontspec)             - 'italic small caps'  (m/scit) with NFSS spec.:
(fontspec)             <->"[TeXGyreTermesX-Italic.otf]/OT:script=latn;language=
dflt;+tnum;+lnum;+smcp;mapping=tex-text;"
(fontspec)             - 'slanted' (m/sl) with NFSS spec.:
(fontspec)             <->"[TeXGyreTermesX-Slanted.otf]/OT:script=latn;language
=dflt;+tnum;+lnum;mapping=tex-text;"
(fontspec)             - 'slanted small caps'  (m/scsl) with NFSS spec.:
(fontspec)             <->"[TeXGyreTermesX-Slanted.otf]/OT:script=latn;language
=dflt;+tnum;+lnum;+smcp;mapping=tex-text;"
(fontspec)             - 'bold italic' (b/it) with NFSS spec.:
(fontspec)             <->"[TeXGyreTermesX-BoldItalic.otf]/OT:script=latn;langu
age=dflt;+tnum;+lnum;mapping=tex-text;"
(fontspec)             - 'bold italic small caps'  (b/scit) with NFSS spec.:
(fontspec)             <->"[TeXGyreTermesX-BoldItalic.otf]/OT:script=latn;langu
age=dflt;+tnum;+lnum;+smcp;mapping=tex-text;"
(fontspec)             - 'bold slanted' (b/sl) with NFSS spec.:
(fontspec)             <->"[TeXGyreTermesX-BoldSlanted.otf]/OT:script=latn;lang
uage=dflt;+tnum;+lnum;mapping=tex-text;"
(fontspec)             - 'bold slanted small caps'  (b/scsl) with NFSS spec.:
(fontspec)             <->"[TeXGyreTermesX-BoldSlanted.otf]/OT:script=latn;lang
uage=dflt;+tnum;+lnum;+smcp;mapping=tex-text;"

Requested font "[TeXGyreTermesX-Regular.otf]/OT:script=latn;language=dflt;+tnum
;+lnum;mapping=tex-text;" at 12.045pt
 -> d:/texlive/2023/texmf-dist/fonts/opentype/public/newtx/TeXGyreTermesX-Regul
ar.otf

(d:/texlive/2023/texmf-dist/tex/latex/hypdoc/hypdoc.sty
Package: hypdoc 2023-01-23 v1.18 Hyper extensions for doc.sty (HO)


Package hypdoc Warning: hyperref has been loaded before. Check the options! on 
input line 56.

Package hyperref Info: Option `colorlinks' set `true' on input line 66.
Package hyperref Info: Option `plainpages' set `false' on input line 66.
Package hyperref Info: Option `bookmarksopen' set `true' on input line 66.
Package hyperref Info: Option `bookmarksnumbered' set `true' on input line 66.
\c@HD@unique=\count580
\c@HD@hypercount=\count581
\HD@helplength=\skip196
)
\@quotelevel=\count582
\@quotereset=\count583
Package translations Info: No language package found. I am going to use `englis
h' as default language. on input line 102.
 (./Analysis_1_zou.aux (./tex/frontmatter.aux) (./tex/chapter01.aux)
(./tex/chapter02.aux) (./tex/chapter03.aux) (./tex/chapter04.aux)
(./tex/chapter05.aux) (./tex/chapter06.aux) (./tex/chapter07.aux)
(./tex/chapter08.aux) (./tex/chapter09.aux) (./tex/chapter10.aux)
(./tex/symbol_index.aux) (./tex/term_index.aux)
Requested font "[TeXGyreTermesX-Regular.otf]/OT:script=latn;language=dflt;+tnum
;+lnum;mapping=tex-text;" at 7.52812pt
 -> d:/texlive/2023/texmf-dist/fonts/opentype/public/newtx/TeXGyreTermesX-Regul
ar.otf
)
\openout1 = `Analysis_1_zou.aux'.

LaTeX Font Info:    Checking defaults for OML/ntxmi/m/it on input line 102.
LaTeX Font Info:    Trying to load font information for OML+ntxmi on input line
 102.

(d:/texlive/2023/texmf-dist/tex/latex/newtx/omlntxmi.fd
File: omlntxmi.fd 2015/08/25 Fontinst v1.933 font definitions for OML/ntxmi.
)
LaTeX Font Info:    ... okay on input line 102.
LaTeX Font Info:    Checking defaults for OMS/cmsy/m/n on input line 102.
LaTeX Font Info:    ... okay on input line 102.
LaTeX Font Info:    Checking defaults for OT1/cmr/m/n on input line 102.
LaTeX Font Info:    ... okay on input line 102.
LaTeX Font Info:    Checking defaults for T1/cmr/m/n on input line 102.
LaTeX Font Info:    ... okay on input line 102.
LaTeX Font Info:    Checking defaults for TS1/cmr/m/n on input line 102.
LaTeX Font Info:    ... okay on input line 102.
LaTeX Font Info:    Checking defaults for TU/lmr/m/n on input line 102.
LaTeX Font Info:    ... okay on input line 102.
LaTeX Font Info:    Checking defaults for OMX/cmex/m/n on input line 102.
LaTeX Font Info:    ... okay on input line 102.
LaTeX Font Info:    Checking defaults for U/ntxexa/m/n on input line 102.
LaTeX Font Info:    Trying to load font information for U+ntxexa on input line 
102.

(d:/texlive/2023/texmf-dist/tex/latex/newtx/untxexa.fd
File: untxexa.fd 2012/04/16 Fontinst v1.933 font definitions for U/ntxexa.
)
LaTeX Font Info:    ... okay on input line 102.
LaTeX Font Info:    Checking defaults for LMS/ntxsy/m/n on input line 102.
LaTeX Font Info:    Trying to load font information for LMS+ntxsy on input line
 102.

(d:/texlive/2023/texmf-dist/tex/latex/newtx/lmsntxsy.fd
File: lmsntxsy.fd 2016/07/02 Fontinst v1.933 font definitions for LMS/ntxsy.
)
LaTeX Font Info:    ... okay on input line 102.
LaTeX Font Info:    Checking defaults for LMX/ntxexx/m/n on input line 102.
LaTeX Font Info:    Trying to load font information for LMX+ntxexx on input lin
e 102.

(d:/texlive/2023/texmf-dist/tex/latex/newtx/lmxntxexx.fd
File: lmxntxexx.fd 2016/07/03 Fontinst v1.933 font definitions for LMX/ntxexx.
)
LaTeX Font Info:    ... okay on input line 102.
LaTeX Font Info:    Checking defaults for PD1/pdf/m/n on input line 102.
LaTeX Font Info:    ... okay on input line 102.
LaTeX Font Info:    Checking defaults for PU/pdf/m/n on input line 102.
LaTeX Font Info:    ... okay on input line 102.
LaTeX Info: Command `\dddot' is already robust on input line 102.
LaTeX Info: Command `\ddddot' is already robust on input line 102.
\c@lstlisting=\count584

*geometry* driver: auto-detecting
*geometry* detected driver: xetex
*geometry* verbose mode - [ preamble ] result:
* driver: xetex
* paper: a4paper
* layout: <same size as paper>
* layoutoffset:(h,v)=(0.0pt,0.0pt)
* hratio: 1:1
* vratio: 1:1
* modes: twoside 
* h-part:(L,W,R)=(108.405pt, 380.69788pt, 108.405pt)
* v-part:(T,H,B)=(72.26999pt, 700.50687pt, 72.26999pt)
* \paperwidth=597.50787pt
* \paperheight=845.04684pt
* \textwidth=380.69788pt
* \textheight=700.50687pt
* \oddsidemargin=36.13501pt
* \evensidemargin=36.13501pt
* \topmargin=-31.8738pt
* \headheight=14.5pt
* \headsep=19.8738pt
* \topskip=12.0pt
* \footskip=30.0pt
* \marginparwidth=96.0pt
* \marginparsep=6.0pt
* \columnsep=10.0pt
* \skip\footins=10.8pt plus 4.0pt minus 2.0pt
* \hoffset=0.0pt
* \voffset=0.0pt
* \mag=1000
* \@twocolumnfalse
* \@twosidetrue
* \@mparswitchtrue
* \@reversemargintrue
* (1in=72.27pt=25.4mm, 1cm=28.453pt)

Package caption Info: Begin \AtBeginDocument code.
Package caption Info: hyperref package is loaded.
Package caption Info: longtable package is loaded.
(d:/texlive/2023/texmf-dist/tex/latex/caption/ltcaption.sty
Package: ltcaption 2021/01/08 v1.4c longtable captions (AR)
)
Package caption Info: End \AtBeginDocument code.
Package bicaption Info: Main language is not set on input line 102.
Package biblatex Info: Trying to load language 'english'...
Package biblatex Info: ... file 'english.lbx' found.

(d:/texlive/2023/texmf-dist/tex/latex/biblatex/lbx/english.lbx
File: english.lbx 2023/03/05 v3.19 biblatex localization (PK/MW)
)
Package biblatex Info: XeTeX detected.
(biblatex)             Assuming input encoding 'utf8'.
Package biblatex Info: Automatic encoding selection.
(biblatex)             Assuming data encoding 'utf8'.
\openout4 = `Analysis_1_zou.bcf'.

Package biblatex Info: Trying to load bibliographic data...
Package biblatex Info: ... file 'Analysis_1_zou.bbl' not found.

No file Analysis_1_zou.bbl.
Package biblatex Info: Reference section=0 on input line 102.
Package biblatex Info: Reference segment=0 on input line 102.
Package hyperref Info: Link coloring ON on input line 102.
(d:/texlive/2023/texmf-dist/tex/latex/pdflscape/pdflscape.sty
Package: pdflscape 2022-10-27 v0.13 Display of landscape pages in PDF

(d:/texlive/2023/texmf-dist/tex/latex/pdflscape/pdflscape-nometadata.sty
Package: pdflscape-nometadata 2022-10-28 v0.13 Display of landscape pages in PD
F (HO)

(d:/texlive/2023/texmf-dist/tex/latex/graphics/lscape.sty
Package: lscape 2020/05/28 v3.02 Landscape Pages (DPC)
)
Package pdflscape Info: Auto-detected driver: dvipdfm (xetex) on input line 98.

))
(d:/texlive/2023/texmf-dist/tex/latex/translations/translations-basic-dictionar
y-english.trsl
File: translations-basic-dictionary-english.trsl (english translation file `tra
nslations-basic-dictionary')
)
Package translations Info: loading dictionary `translations-basic-dictionary' f
or `english'. on input line 102.
 (./Analysis_1_zou.hd)
\HD@savedest@out=\write5
\openout5 = `Analysis_1_zou.hd'.

Requested font "[TeXGyreTermesX-Regular.otf]/OT:script=latn;language=dflt;+tnum
;+lnum;mapping=tex-text;" at 36.0pt
 -> d:/texlive/2023/texmf-dist/fonts/opentype/public/newtx/TeXGyreTermesX-Regul
ar.otf
Requested font "[TeXGyreTermesX-Bold.otf]/OT:script=latn;language=dflt;+tnum;+l
num;mapping=tex-text;" at 36.0pt
 -> d:/texlive/2023/texmf-dist/fonts/opentype/public/newtx/TeXGyreTermesX-Bold.
otf
Requested font "Source Han Serif CN Bold/OT:script=hani;language=dflt;" at 36.0
pt
 -> C:/Windows/fonts/SourceHanSerifCN-Bold.otf
Requested font "[TeXGyreTermesX-Regular.otf]/OT:script=latn;language=dflt;+tnum
;+lnum;mapping=tex-text;" at 22.08249pt
 -> d:/texlive/2023/texmf-dist/fonts/opentype/public/newtx/TeXGyreTermesX-Regul
ar.otf
Requested font "Source Han Serif CN/OT:script=hani;language=dflt;" at 22.08249p
t
 -> C:/Windows/fonts/SourceHanSerifCN-Regular.otf
LaTeX Font Info:    Trying to load font information for OT1+minntx on input lin
e 116.

(d:/texlive/2023/texmf-dist/tex/latex/newtx/ot1minntx.fd
File: ot1minntx.fd 2022/01/20 v1.0 font definition file for OT1/minntx
)
Requested font "ntx-Regular-tlf-ot1" at 12.045pt
 -> d:/texlive/2023/texmf-dist/fonts/tfm/public/newtx/ntx-Regular-tlf-ot1.tfm
Requested font "ntx-Regular-tlf-ot1" at 8.0pt
 -> d:/texlive/2023/texmf-dist/fonts/tfm/public/newtx/ntx-Regular-tlf-ot1.tfm
Requested font "ntx-Regular-tlf-ot1" at 6.0pt
 -> d:/texlive/2023/texmf-dist/fonts/tfm/public/newtx/ntx-Regular-tlf-ot1.tfm
Requested font "ntxmi" at 12.045pt
 -> d:/texlive/2023/texmf-dist/fonts/tfm/public/newtx/ntxmi.tfm
Requested font "ntxmi7" at 8.0pt
 -> d:/texlive/2023/texmf-dist/fonts/tfm/public/newtx/ntxmi7.tfm
Requested font "ntxmi5" at 6.0pt
 -> d:/texlive/2023/texmf-dist/fonts/tfm/public/newtx/ntxmi5.tfm
Requested font "ntxsy" at 12.045pt
 -> d:/texlive/2023/texmf-dist/fonts/tfm/public/newtx/ntxsy.tfm
Requested font "ntxsy7" at 8.0pt
 -> d:/texlive/2023/texmf-dist/fonts/tfm/public/newtx/ntxsy7.tfm
Requested font "ntxsy5" at 6.0pt
 -> d:/texlive/2023/texmf-dist/fonts/tfm/public/newtx/ntxsy5.tfm
Requested font "ntxexx" at 12.045pt
 -> d:/texlive/2023/texmf-dist/fonts/tfm/public/newtx/ntxexx.tfm
Requested font "ntxexx" at 8.0pt
 -> d:/texlive/2023/texmf-dist/fonts/tfm/public/newtx/ntxexx.tfm
Requested font "ntxexx" at 6.0pt
 -> d:/texlive/2023/texmf-dist/fonts/tfm/public/newtx/ntxexx.tfm
LaTeX Font Info:    Trying to load font information for U+msa on input line 116
.

(d:/texlive/2023/texmf-dist/tex/latex/amsfonts/umsa.fd
File: umsa.fd 2013/01/14 v3.01 AMS symbols A
)
Requested font "msam10" at 12.045pt
 -> d:/texlive/2023/texmf-dist/fonts/tfm/public/amsfonts/symbols/msam10.tfm
Requested font "msam10" at 8.0pt
 -> d:/texlive/2023/texmf-dist/fonts/tfm/public/amsfonts/symbols/msam10.tfm
Requested font "msam7" at 6.0pt
 -> d:/texlive/2023/texmf-dist/fonts/tfm/public/amsfonts/symbols/msam7.tfm
LaTeX Font Info:    Trying to load font information for U+msb on input line 116
.

(d:/texlive/2023/texmf-dist/tex/latex/amsfonts/umsb.fd
File: umsb.fd 2013/01/14 v3.01 AMS symbols B
)
Requested font "msbm10" at 12.045pt
 -> d:/texlive/2023/texmf-dist/fonts/tfm/public/amsfonts/symbols/msbm10.tfm
Requested font "msbm10" at 8.0pt
 -> d:/texlive/2023/texmf-dist/fonts/tfm/public/amsfonts/symbols/msbm10.tfm
Requested font "msbm7" at 6.0pt
 -> d:/texlive/2023/texmf-dist/fonts/tfm/public/amsfonts/symbols/msbm7.tfm
Requested font "cmbx12" at 12.045pt
 -> d:/texlive/2023/texmf-dist/fonts/tfm/public/cm/cmbx12.tfm
Requested font "cmbx8" at 8.0pt
 -> d:/texlive/2023/texmf-dist/fonts/tfm/public/cm/cmbx8.tfm
Requested font "cmbx6" at 6.0pt
 -> d:/texlive/2023/texmf-dist/fonts/tfm/public/cm/cmbx6.tfm
Requested font "cmmib10" at 12.045pt
 -> d:/texlive/2023/texmf-dist/fonts/tfm/public/cm/cmmib10.tfm
Requested font "cmmib10" at 8.0pt
 -> d:/texlive/2023/texmf-dist/fonts/tfm/public/cm/cmmib10.tfm
Requested font "cmmib7" at 6.0pt
 -> d:/texlive/2023/texmf-dist/fonts/tfm/public/amsfonts/cmextra/cmmib7.tfm
Requested font "cmbsy10" at 12.045pt
 -> d:/texlive/2023/texmf-dist/fonts/tfm/public/cm/cmbsy10.tfm
Requested font "cmbsy10" at 8.0pt
 -> d:/texlive/2023/texmf-dist/fonts/tfm/public/cm/cmbsy10.tfm
Requested font "cmbsy7" at 6.0pt
 -> d:/texlive/2023/texmf-dist/fonts/tfm/public/amsfonts/cmextra/cmbsy7.tfm
LaTeX Font Info:    Trying to load font information for U+ntxmia on input line 
116.

(d:/texlive/2023/texmf-dist/tex/latex/newtx/untxmia.fd
File: untxmia.fd 2018/04/14 Fontinst v1.933 font definitions for U/ntxmia.
)
Requested font "ntxmia" at 12.045pt
 -> d:/texlive/2023/texmf-dist/fonts/tfm/public/newtx/ntxmia.tfm
Requested font "ntxmia" at 8.0pt
 -> d:/texlive/2023/texmf-dist/fonts/tfm/public/newtx/ntxmia.tfm
Requested font "ntxmia" at 6.0pt
 -> d:/texlive/2023/texmf-dist/fonts/tfm/public/newtx/ntxmia.tfm
LaTeX Font Info:    Trying to load font information for U+ntxsym on input line 
116.

(d:/texlive/2023/texmf-dist/tex/latex/newtx/untxsym.fd
File: untxsym.fd 2015/03/20 Fontinst v1.933 font definitions for U/ntxsym.
)
Requested font "ntxsym" at 12.045pt
 -> d:/texlive/2023/texmf-dist/fonts/tfm/public/newtx/ntxsym.tfm
Requested font "ntxsym" at 8.0pt
 -> d:/texlive/2023/texmf-dist/fonts/tfm/public/newtx/ntxsym.tfm
Requested font "ntxsym" at 6.0pt
 -> d:/texlive/2023/texmf-dist/fonts/tfm/public/newtx/ntxsym.tfm
LaTeX Font Info:    Trying to load font information for U+ntxsyc on input line 
116.

(d:/texlive/2023/texmf-dist/tex/latex/newtx/untxsyc.fd
File: untxsyc.fd 2012/04/12 Fontinst v1.933 font definitions for U/ntxsyc.
)
Requested font "ntxsyc" at 12.045pt
 -> d:/texlive/2023/texmf-dist/fonts/tfm/public/newtx/ntxsyc.tfm
Requested font "ntxsyc" at 8.0pt
 -> d:/texlive/2023/texmf-dist/fonts/tfm/public/newtx/ntxsyc.tfm
Requested font "ntxsyc" at 6.0pt
 -> d:/texlive/2023/texmf-dist/fonts/tfm/public/newtx/ntxsyc.tfm
Requested font "ntxexa" at 12.045pt
 -> d:/texlive/2023/texmf-dist/fonts/tfm/public/newtx/ntxexa.tfm
Requested font "ntxexa" at 8.0pt
 -> d:/texlive/2023/texmf-dist/fonts/tfm/public/newtx/ntxexa.tfm
Requested font "ntxexa" at 6.0pt
 -> d:/texlive/2023/texmf-dist/fonts/tfm/public/newtx/ntxexa.tfm
Requested font "eurm10" at 12.045pt
 -> d:/texlive/2023/texmf-dist/fonts/tfm/public/amsfonts/euler/eurm10.tfm
Requested font "eurm10" at 8.0pt
 -> d:/texlive/2023/texmf-dist/fonts/tfm/public/amsfonts/euler/eurm10.tfm
Requested font "eurm7" at 6.0pt
 -> d:/texlive/2023/texmf-dist/fonts/tfm/public/amsfonts/euler/eurm7.tfm
LaTeX Font Info:    Trying to load font information for U+wasy on input line 11
6.

(d:/texlive/2023/texmf-dist/tex/latex/wasysym/uwasy.fd
File: uwasy.fd 2020/01/19 v2.4 Wasy-2 symbol font definitions
)
Requested font "wasy10" at 12.045pt
 -> d:/texlive/2023/texmf-dist/fonts/tfm/public/wasy/wasy10.tfm
Requested font "wasy8" at 8.0pt
 -> d:/texlive/2023/texmf-dist/fonts/tfm/public/wasy/wasy8.tfm
Requested font "wasy6" at 6.0pt
 -> d:/texlive/2023/texmf-dist/fonts/tfm/public/wasy/wasy6.tfm
Requested font "[TeXGyreTermesX-Regular.otf]/OT:script=latn;language=dflt;+tnum
;+lnum;mapping=tex-text;" at 10.53937pt
 -> d:/texlive/2023/texmf-dist/fonts/opentype/public/newtx/TeXGyreTermesX-Regul
ar.otf
Requested font "ntx-Regular-tlf-ot1" at 10.53937pt
 -> d:/texlive/2023/texmf-dist/fonts/tfm/public/newtx/ntx-Regular-tlf-ot1.tfm
Requested font "ntx-Regular-tlf-ot1" at 7.0pt
 -> d:/texlive/2023/texmf-dist/fonts/tfm/public/newtx/ntx-Regular-tlf-ot1.tfm
Requested font "ntx-Regular-tlf-ot1" at 5.0pt
 -> d:/texlive/2023/texmf-dist/fonts/tfm/public/newtx/ntx-Regular-tlf-ot1.tfm
Requested font "ntxmi" at 10.53937pt
 -> d:/texlive/2023/texmf-dist/fonts/tfm/public/newtx/ntxmi.tfm
Requested font "ntxmi7" at 7.0pt
 -> d:/texlive/2023/texmf-dist/fonts/tfm/public/newtx/ntxmi7.tfm
Requested font "ntxmi5" at 5.0pt
 -> d:/texlive/2023/texmf-dist/fonts/tfm/public/newtx/ntxmi5.tfm
Requested font "ntxsy" at 10.53937pt
 -> d:/texlive/2023/texmf-dist/fonts/tfm/public/newtx/ntxsy.tfm
Requested font "ntxsy7" at 7.0pt
 -> d:/texlive/2023/texmf-dist/fonts/tfm/public/newtx/ntxsy7.tfm
Requested font "ntxsy5" at 5.0pt
 -> d:/texlive/2023/texmf-dist/fonts/tfm/public/newtx/ntxsy5.tfm
Requested font "ntxexx" at 10.53937pt
 -> d:/texlive/2023/texmf-dist/fonts/tfm/public/newtx/ntxexx.tfm
Requested font "ntxexx" at 7.0pt
 -> d:/texlive/2023/texmf-dist/fonts/tfm/public/newtx/ntxexx.tfm
Requested font "ntxexx" at 5.0pt
 -> d:/texlive/2023/texmf-dist/fonts/tfm/public/newtx/ntxexx.tfm
Requested font "msam10" at 10.53937pt
 -> d:/texlive/2023/texmf-dist/fonts/tfm/public/amsfonts/symbols/msam10.tfm
Requested font "msam7" at 7.0pt
 -> d:/texlive/2023/texmf-dist/fonts/tfm/public/amsfonts/symbols/msam7.tfm
Requested font "msam5" at 5.0pt
 -> d:/texlive/2023/texmf-dist/fonts/tfm/public/amsfonts/symbols/msam5.tfm
Requested font "msbm10" at 10.53937pt
 -> d:/texlive/2023/texmf-dist/fonts/tfm/public/amsfonts/symbols/msbm10.tfm
Requested font "msbm7" at 7.0pt
 -> d:/texlive/2023/texmf-dist/fonts/tfm/public/amsfonts/symbols/msbm7.tfm
Requested font "msbm5" at 5.0pt
 -> d:/texlive/2023/texmf-dist/fonts/tfm/public/amsfonts/symbols/msbm5.tfm
Requested font "cmbx10" at 10.53937pt
 -> d:/texlive/2023/texmf-dist/fonts/tfm/public/cm/cmbx10.tfm
Requested font "cmbx7" at 7.0pt
 -> d:/texlive/2023/texmf-dist/fonts/tfm/public/cm/cmbx7.tfm
Requested font "cmbx5" at 5.0pt
 -> d:/texlive/2023/texmf-dist/fonts/tfm/public/cm/cmbx5.tfm
Requested font "cmmib10" at 10.53937pt
 -> d:/texlive/2023/texmf-dist/fonts/tfm/public/cm/cmmib10.tfm
Requested font "cmmib7" at 7.0pt
 -> d:/texlive/2023/texmf-dist/fonts/tfm/public/amsfonts/cmextra/cmmib7.tfm
Requested font "cmmib5" at 5.0pt
 -> d:/texlive/2023/texmf-dist/fonts/tfm/public/amsfonts/cmextra/cmmib5.tfm
Requested font "cmbsy10" at 10.53937pt
 -> d:/texlive/2023/texmf-dist/fonts/tfm/public/cm/cmbsy10.tfm
Requested font "cmbsy7" at 7.0pt
 -> d:/texlive/2023/texmf-dist/fonts/tfm/public/amsfonts/cmextra/cmbsy7.tfm
Requested font "cmbsy5" at 5.0pt
 -> d:/texlive/2023/texmf-dist/fonts/tfm/public/amsfonts/cmextra/cmbsy5.tfm
Requested font "ntxmia" at 10.53937pt
 -> d:/texlive/2023/texmf-dist/fonts/tfm/public/newtx/ntxmia.tfm
Requested font "ntxmia" at 7.0pt
 -> d:/texlive/2023/texmf-dist/fonts/tfm/public/newtx/ntxmia.tfm
Requested font "ntxmia" at 5.0pt
 -> d:/texlive/2023/texmf-dist/fonts/tfm/public/newtx/ntxmia.tfm
Requested font "ntxsym" at 10.53937pt
 -> d:/texlive/2023/texmf-dist/fonts/tfm/public/newtx/ntxsym.tfm
Requested font "ntxsym" at 7.0pt
 -> d:/texlive/2023/texmf-dist/fonts/tfm/public/newtx/ntxsym.tfm
Requested font "ntxsym" at 5.0pt
 -> d:/texlive/2023/texmf-dist/fonts/tfm/public/newtx/ntxsym.tfm
Requested font "ntxsyc" at 10.53937pt
 -> d:/texlive/2023/texmf-dist/fonts/tfm/public/newtx/ntxsyc.tfm
Requested font "ntxsyc" at 7.0pt
 -> d:/texlive/2023/texmf-dist/fonts/tfm/public/newtx/ntxsyc.tfm
Requested font "ntxsyc" at 5.0pt
 -> d:/texlive/2023/texmf-dist/fonts/tfm/public/newtx/ntxsyc.tfm
Requested font "ntxexa" at 10.53937pt
 -> d:/texlive/2023/texmf-dist/fonts/tfm/public/newtx/ntxexa.tfm
Requested font "ntxexa" at 7.0pt
 -> d:/texlive/2023/texmf-dist/fonts/tfm/public/newtx/ntxexa.tfm
Requested font "ntxexa" at 5.0pt
 -> d:/texlive/2023/texmf-dist/fonts/tfm/public/newtx/ntxexa.tfm
Requested font "eurm10" at 10.53937pt
 -> d:/texlive/2023/texmf-dist/fonts/tfm/public/amsfonts/euler/eurm10.tfm
Requested font "eurm7" at 7.0pt
 -> d:/texlive/2023/texmf-dist/fonts/tfm/public/amsfonts/euler/eurm7.tfm
Requested font "eurm5" at 5.0pt
 -> d:/texlive/2023/texmf-dist/fonts/tfm/public/amsfonts/euler/eurm5.tfm
Requested font "wasy10" at 10.53937pt
 -> d:/texlive/2023/texmf-dist/fonts/tfm/public/wasy/wasy10.tfm
Requested font "wasy7" at 7.0pt
 -> d:/texlive/2023/texmf-dist/fonts/tfm/public/wasy/wasy7.tfm
Requested font "wasy5" at 5.0pt
 -> d:/texlive/2023/texmf-dist/fonts/tfm/public/wasy/wasy5.tfm
Requested font "KaiTi/OT" at 12.04497pt
 -> C:/Windows/fonts/simkai.ttf
Requested font "KaiTi/OT" at 12.04503pt
 -> C:/Windows/fonts/simkai.ttf
Requested font "KaiTi/BI/OT:script=hani;language=dflt;" at 12.04501pt
 -> C:/Windows/fonts/simkai.ttf

Package fontspec Info: Could not resolve font "KaiTi/BI" (it probably doesn't
(fontspec)             exist).

Requested font "KaiTi/B/OT:script=hani;language=dflt;" at 12.04501pt
 -> C:/Windows/fonts/simkai.ttf

Package fontspec Info: Could not resolve font "KaiTi/B" (it probably doesn't
(fontspec)             exist).

Requested font "KaiTi/I/OT:script=hani;language=dflt;" at 12.04501pt
 -> C:/Windows/fonts/simkai.ttf

Package fontspec Info: Could not resolve font "KaiTi/I" (it probably doesn't
(fontspec)             exist).


Package fontspec Info: Font family 'KaiTi(0)' created for font 'KaiTi' with
(fontspec)             options [Script={CJK}].
(fontspec)              
(fontspec)              This font family consists of the following NFSS
(fontspec)             series/shapes:
(fontspec)              
(fontspec)             - 'normal' (m/n) with NFSS spec.:
(fontspec)             <->"KaiTi/OT:script=hani;language=dflt;"
(fontspec)             - 'small caps'  (m/sc) with NFSS spec.: 

Requested font "[TeXGyreTermesX-Regular.otf]/OT:script=latn;language=dflt;+tnum
;+lnum;mapping=tex-text;" at 26.09749pt
 -> d:/texlive/2023/texmf-dist/fonts/opentype/public/newtx/TeXGyreTermesX-Regul
ar.otf
Requested font "KaiTi/OT:script=hani;language=dflt;" at 26.09749pt
 -> C:/Windows/fonts/simkai.ttf
Requested font "[TeXGyreTermesX-Regular.otf]/OT:script=latn;language=dflt;+tnum
;+lnum;mapping=tex-text;" at 18.06749pt
 -> d:/texlive/2023/texmf-dist/fonts/opentype/public/newtx/TeXGyreTermesX-Regul
ar.otf
Requested font "Source Han Serif CN/OT:script=hani;language=dflt;" at 18.06749p
t
 -> C:/Windows/fonts/SourceHanSerifCN-Regular.otf
 [1



]
\openout2 = `tex/frontmatter.aux'.


(./tex/frontmatter.tex [2


]
Requested font "Source Han Sans CN/OT" at 12.04497pt
 -> C:/Windows/fonts/SourceHanSansCN-Regular.otf
Requested font "Source Han Sans CN/OT" at 12.04503pt
 -> C:/Windows/fonts/SourceHanSansCN-Regular.otf
Requested font "Source Han Sans CN Bold/OT:script=hani;language=dflt;" at 12.04
501pt
 -> C:/Windows/fonts/SourceHanSansCN-Bold.otf
Requested font "Source Han Sans CN Bold/I/OT:script=hani;language=dflt;" at 12.
04501pt
 -> C:/Windows/fonts/SourceHanSansCN-Bold.otf

Package fontspec Info: Could not resolve font "Source Han Sans CN Bold/I" (it
(fontspec)             probably doesn't exist).

Requested font "Source Han Sans CN/OT:script=hani;language=dflt;" at 12.04501pt
 -> C:/Windows/fonts/SourceHanSansCN-Regular.otf
Requested font "Source Han Sans CN/BI/OT:script=hani;language=dflt;" at 12.0450
1pt
 -> C:/Windows/fonts/SourceHanSansCN-Bold.otf
Requested font "Source Han Sans CN/I/OT:script=hani;language=dflt;" at 12.04501
pt
 -> C:/Windows/fonts/SourceHanSansCN-Regular.otf

Package fontspec Info: Could not resolve font "Source Han Sans CN/I" (it
(fontspec)             probably doesn't exist).

Requested font "Source Han Sans CN/OT:script=hani;language=dflt;" at 12.04503pt
 -> C:/Windows/fonts/SourceHanSansCN-Regular.otf
Requested font "[lmsans12-regular]:mapping=tex-text;" at 12.045pt
 -> d:/texlive/2023/texmf-dist/fonts/opentype/public/lm/lmsans12-regular.otf
Requested font "Source Han Sans CN Bold/OT:script=hani;language=dflt;" at 12.04
503pt
 -> C:/Windows/fonts/SourceHanSansCN-Bold.otf
Requested font "Source Han Sans CN/BI/OT:script=hani;language=dflt;" at 12.0450
3pt
 -> C:/Windows/fonts/SourceHanSansCN-Bold.otf
Requested font "Source Han Sans CN/BI/OT:script=hani;language=dflt;" at 12.0450
3pt
 -> C:/Windows/fonts/SourceHanSansCN-Bold.otf

Package fontspec Info: Font family 'SourceHanSansCN(0)' created for font
(fontspec)             'Source Han Sans CN' with options
(fontspec)             [Script={CJK},BoldFont={Source Han Sans CN Bold}].
(fontspec)              
(fontspec)              This font family consists of the following NFSS
(fontspec)             series/shapes:
(fontspec)              
(fontspec)             - 'normal' (m/n) with NFSS spec.: <->"Source Han Sans
(fontspec)             CN/OT:script=hani;language=dflt;"
(fontspec)             - 'small caps'  (m/sc) with NFSS spec.: 
(fontspec)             - 'bold' (b/n) with NFSS spec.: <->"Source Han Sans CN
(fontspec)             Bold/OT:script=hani;language=dflt;"
(fontspec)             - 'bold small caps'  (b/sc) with NFSS spec.: 
(fontspec)             - 'bold italic' (b/it) with NFSS spec.: <->"Source Han
(fontspec)             Sans CN/BI/OT:script=hani;language=dflt;"
(fontspec)             - 'bold italic small caps'  (b/scit) with NFSS spec.: 

Requested font "[lmsans17-regular]:mapping=tex-text;" at 26.09749pt
 -> d:/texlive/2023/texmf-dist/fonts/opentype/public/lm/lmsans17-regular.otf
Requested font "[lmsans10-bold]:mapping=tex-text;" at 26.09749pt
 -> d:/texlive/2023/texmf-dist/fonts/opentype/public/lm/lmsans10-bold.otf
Requested font "Source Han Sans CN Bold/OT:script=hani;language=dflt;" at 26.09
749pt
 -> C:/Windows/fonts/SourceHanSansCN-Bold.otf
Requested font "FangSong/OT" at 12.04497pt
 -> C:/Windows/fonts/simfang.ttf
Requested font "FangSong/OT" at 12.04503pt
 -> C:/Windows/fonts/simfang.ttf
Requested font "FangSong/OT:script=hani;language=dflt;" at 12.04501pt
 -> C:/Windows/fonts/simfang.ttf
Requested font "FangSong/BI/OT:script=hani;language=dflt;" at 12.04501pt
 -> C:/Windows/fonts/simfang.ttf

Package fontspec Info: Could not resolve font "FangSong/BI" (it probably
(fontspec)             doesn't exist).

Requested font "FangSong/B/OT:script=hani;language=dflt;" at 12.04501pt
 -> C:/Windows/fonts/simfang.ttf

Package fontspec Info: Could not resolve font "FangSong/B" (it probably
(fontspec)             doesn't exist).

Requested font "FangSong/I/OT:script=hani;language=dflt;" at 12.04501pt
 -> C:/Windows/fonts/simfang.ttf

Package fontspec Info: Could not resolve font "FangSong/I" (it probably
(fontspec)             doesn't exist).

Requested font "FangSong/OT:script=hani;language=dflt;" at 12.04503pt
 -> C:/Windows/fonts/simfang.ttf

Package fontspec Info: Font family 'FangSong(0)' created for font 'FangSong'
(fontspec)             with options [Script={CJK}].
(fontspec)              
(fontspec)              This font family consists of the following NFSS
(fontspec)             series/shapes:
(fontspec)              
(fontspec)             - 'normal' (m/n) with NFSS spec.:
(fontspec)             <->"FangSong/OT:script=hani;language=dflt;"
(fontspec)             - 'small caps'  (m/sc) with NFSS spec.: 

Requested font "FangSong/OT:script=hani;language=dflt;" at 12.045pt
 -> C:/Windows/fonts/simfang.ttf
 [3] [4] [5

]
Underfull \vbox (badness 1400) has occurred while \output is active []

 [6]
[7]) [8] (./Analysis_1_zou.toc
Requested font "[TeXGyreTermesX-Bold.otf]/OT:script=latn;language=dflt;+tnum;+l
num;mapping=tex-text;" at 12.045pt
 -> d:/texlive/2023/texmf-dist/fonts/opentype/public/newtx/TeXGyreTermesX-Bold.
otf
Requested font "Source Han Serif CN Bold/OT:script=hani;language=dflt;" at 12.0
45pt
 -> C:/Windows/fonts/SourceHanSerifCN-Bold.otf
Requested font "Source Han Serif CN/OT:script=hani;language=dflt;" at 12.045pt
 -> C:/Windows/fonts/SourceHanSerifCN-Regular.otf
 [9




] [10] [11] [12] [13] [14])
\tf@toc=\write6
\openout6 = `Analysis_1_zou.toc'.

 [15] [16

]
\openout2 = `tex/chapter01.aux'.


(./tex/chapter01.tex
第1章
Requested font "[lmsans10-bold]:mapping=tex-text;" at 48.0pt
 -> d:/texlive/2023/texmf-dist/fonts/opentype/public/lm/lmsans10-bold.otf
Requested font "Source Han Sans CN Bold/OT:script=hani;language=dflt;" at 48.0p
t
 -> C:/Windows/fonts/SourceHanSansCN-Bold.otf
Requested font "[lmsans12-regular]:mapping=tex-text;" at 15.05624pt
 -> d:/texlive/2023/texmf-dist/fonts/opentype/public/lm/lmsans12-regular.otf
Requested font "[lmsans10-bold]:mapping=tex-text;" at 15.05624pt
 -> d:/texlive/2023/texmf-dist/fonts/opentype/public/lm/lmsans10-bold.otf
Requested font "Source Han Sans CN Bold/OT:script=hani;language=dflt;" at 15.05
624pt
 -> C:/Windows/fonts/SourceHanSansCN-Bold.otf
Requested font "[lmsans10-bold]:mapping=tex-text;" at 12.045pt
 -> d:/texlive/2023/texmf-dist/fonts/opentype/public/lm/lmsans10-bold.otf
Requested font "Source Han Sans CN Bold/OT:script=hani;language=dflt;" at 12.04
5pt
 -> C:/Windows/fonts/SourceHanSansCN-Bold.otf
Requested font "SimHei/OT" at 12.04497pt
 -> C:/Windows/fonts/simhei.ttf
Requested font "SimHei/OT" at 12.04503pt
 -> C:/Windows/fonts/simhei.ttf
Requested font "SimHei/BI/OT:script=hani;language=dflt;" at 12.04501pt
 -> C:/Windows/fonts/simhei.ttf

Package fontspec Info: Could not resolve font "SimHei/BI" (it probably doesn't
(fontspec)             exist).

Requested font "SimHei/B/OT:script=hani;language=dflt;" at 12.04501pt
 -> C:/Windows/fonts/simhei.ttf

Package fontspec Info: Could not resolve font "SimHei/B" (it probably doesn't
(fontspec)             exist).

Requested font "SimHei/I/OT:script=hani;language=dflt;" at 12.04501pt
 -> C:/Windows/fonts/simhei.ttf

Package fontspec Info: Could not resolve font "SimHei/I" (it probably doesn't
(fontspec)             exist).


Package fontspec Info: Font family 'SimHei(0)' created for font 'SimHei' with
(fontspec)             options [Script={CJK}].
(fontspec)              
(fontspec)              This font family consists of the following NFSS
(fontspec)             series/shapes:
(fontspec)              
(fontspec)             - 'normal' (m/n) with NFSS spec.:
(fontspec)             <->"SimHei/OT:script=hani;language=dflt;"
(fontspec)             - 'small caps'  (m/sc) with NFSS spec.: 


LaTeX Font Warning: Font shape `TU/SimHei(0)/b/n' undefined
(Font)              using `TU/SimHei(0)/m/n' instead on input line 11.

Requested font "SimHei/OT:script=hani;language=dflt;" at 12.045pt
 -> C:/Windows/fonts/simhei.ttf
Requested font "KaiTi/OT:script=hani;language=dflt;" at 12.045pt
 -> C:/Windows/fonts/simkai.ttf

LaTeX Font Warning: Font shape `TU/KaiTi(0)/b/n' undefined
(Font)              using `TU/KaiTi(0)/m/n' instead on input line 13.


Underfull \hbox (badness 10000) in paragraph at lines 17--18
[]\TU/SourceHanSerifCN(0)/m/n/12.045 通 常 用 大 写 字 母 $\OML/ntxmi/m/it/12.045 A; B
; X; Y; \U/ntxmia/m/it/12.045 
\OML/ntxmi/m/it/12.045 ; [] $ \TU/SourceHanSerifCN(0)/m/n/12.045 表 示 集 合\TU/TeX
GyreTermesX(0)/m/n/12.045 , \TU/SourceHanSerifCN(0)/m/n/12.045 而 用 小 写 字 母
 []

[1


]
Package mdframed Info: mdframed works in twoside mode on input line 34.
Package mdframed Info: mdframed detected package amsthm 
 changed the theorem header of amsthm
(mdframed)              on input line 34.
Requested font "[lmsans10-regular]:mapping=tex-text;" at 10.53937pt
 -> d:/texlive/2023/texmf-dist/fonts/opentype/public/lm/lmsans10-regular.otf
Requested font "[lmsans10-bold]:mapping=tex-text;" at 10.53937pt
 -> d:/texlive/2023/texmf-dist/fonts/opentype/public/lm/lmsans10-bold.otf
Requested font "Source Han Sans CN Bold/OT:script=hani;language=dflt;" at 10.53
937pt
 -> C:/Windows/fonts/SourceHanSansCN-Bold.otf
Package mdframed Info: Not enough space on this page on input line 42.
Requested font "[TeXGyreTermesX-Regular.otf]/OT:script=latn;language=dflt;+tnum
;+lnum;mapping=tex-text;" at 8.0pt
 -> d:/texlive/2023/texmf-dist/fonts/opentype/public/newtx/TeXGyreTermesX-Regul
ar.otf
Requested font "KaiTi/OT:script=hani;language=dflt;" at 8.0pt
 -> C:/Windows/fonts/simkai.ttf
Requested font "[TeXGyreTermesX-Regular.otf]/OT:script=latn;language=dflt;+tnum
;+lnum;mapping=tex-text;" at 6.0pt
 -> d:/texlive/2023/texmf-dist/fonts/opentype/public/newtx/TeXGyreTermesX-Regul
ar.otf
Requested font "KaiTi/OT:script=hani;language=dflt;" at 6.0pt
 -> C:/Windows/fonts/simkai.ttf
Package mdframed Info: mdframed works in twoside mode on input line 62.
Package mdframed Info: mdframed detected package amsthm 
 changed the theorem header of amsthm
(mdframed)              on input line 62.
Requested font "[TeXGyreTermesX-Italic.otf]/OT:script=latn;language=dflt;+tnum;
+lnum;mapping=tex-text;" at 8.0pt
 -> d:/texlive/2023/texmf-dist/fonts/opentype/public/newtx/TeXGyreTermesX-Itali
c.otf
Requested font "[TeXGyreTermesX-Regular.otf]/OT:script=latn;language=dflt;+tnum
;+lnum;mapping=tex-text;" at 9.03374pt
 -> d:/texlive/2023/texmf-dist/fonts/opentype/public/newtx/TeXGyreTermesX-Regul
ar.otf
Requested font "ntx-Regular-tlf-ot1" at 9.03374pt
 -> d:/texlive/2023/texmf-dist/fonts/tfm/public/newtx/ntx-Regular-tlf-ot1.tfm
Requested font "ntxmi" at 9.03374pt
 -> d:/texlive/2023/texmf-dist/fonts/tfm/public/newtx/ntxmi.tfm
Requested font "ntxsy" at 9.03374pt
 -> d:/texlive/2023/texmf-dist/fonts/tfm/public/newtx/ntxsy.tfm
Requested font "ntxexx" at 9.03374pt
 -> d:/texlive/2023/texmf-dist/fonts/tfm/public/newtx/ntxexx.tfm
Requested font "msam10" at 9.03374pt
 -> d:/texlive/2023/texmf-dist/fonts/tfm/public/amsfonts/symbols/msam10.tfm
Requested font "msbm10" at 9.03374pt
 -> d:/texlive/2023/texmf-dist/fonts/tfm/public/amsfonts/symbols/msbm10.tfm
Requested font "cmbx9" at 9.03374pt
 -> d:/texlive/2023/texmf-dist/fonts/tfm/public/cm/cmbx9.tfm
Requested font "cmmib10" at 9.03374pt
 -> d:/texlive/2023/texmf-dist/fonts/tfm/public/cm/cmmib10.tfm
Requested font "cmbsy10" at 9.03374pt
 -> d:/texlive/2023/texmf-dist/fonts/tfm/public/cm/cmbsy10.tfm
Requested font "ntxmia" at 9.03374pt
 -> d:/texlive/2023/texmf-dist/fonts/tfm/public/newtx/ntxmia.tfm
Requested font "ntxsym" at 9.03374pt
 -> d:/texlive/2023/texmf-dist/fonts/tfm/public/newtx/ntxsym.tfm
Requested font "ntxsyc" at 9.03374pt
 -> d:/texlive/2023/texmf-dist/fonts/tfm/public/newtx/ntxsyc.tfm
Requested font "ntxexa" at 9.03374pt
 -> d:/texlive/2023/texmf-dist/fonts/tfm/public/newtx/ntxexa.tfm
Requested font "eurm10" at 9.03374pt
 -> d:/texlive/2023/texmf-dist/fonts/tfm/public/amsfonts/euler/eurm10.tfm
Requested font "wasy9" at 9.03374pt
 -> d:/texlive/2023/texmf-dist/fonts/tfm/public/wasy/wasy9.tfm
Requested font "[TeXGyreTermesX-Italic.otf]/OT:script=latn;language=dflt;+tnum;
+lnum;mapping=tex-text;" at 6.0pt
 -> d:/texlive/2023/texmf-dist/fonts/opentype/public/newtx/TeXGyreTermesX-Itali
c.otf
Requested font "Source Han Serif CN/OT:script=hani;language=dflt;" at 9.03374pt
 -> C:/Windows/fonts/SourceHanSerifCN-Regular.otf
Requested font "KaiTi/OT:script=hani;language=dflt;" at 10.53937pt
 -> C:/Windows/fonts/simkai.ttf
 [2]
File: figure//_page_15_Picture_4.jpeg Graphic file (type bmp)
<figure//_page_15_Picture_4.jpeg>
Package mdframed Info: mdframed works in twoside mode on input line 105.
Package mdframed Info: mdframed detected package amsthm 
 changed the theorem header of amsthm
(mdframed)              on input line 105.
Requested font "[TeXGyreTermesX-Italic.otf]/OT:script=latn;language=dflt;+tnum;
+lnum;mapping=tex-text;" at 12.045pt
 -> d:/texlive/2023/texmf-dist/fonts/opentype/public/newtx/TeXGyreTermesX-Itali
c.otf
Requested font "[TeXGyreTermesX-BoldItalic.otf]/OT:script=latn;language=dflt;+t
num;+lnum;mapping=tex-text;" at 12.045pt
 -> d:/texlive/2023/texmf-dist/fonts/opentype/public/newtx/TeXGyreTermesX-BoldI
talic.otf
Requested font "Source Han Serif CN/BI/OT:script=hani;language=dflt;" at 12.045
pt
 -> C:/Windows/fonts/SourceHanSerifCN-Bold.otf
 [3]
Requested font "Source Han Serif CN/OT:script=hani;language=dflt;" at 8.0pt
 -> C:/Windows/fonts/SourceHanSerifCN-Regular.otf
Requested font "Source Han Serif CN/OT:script=hani;language=dflt;" at 6.0pt
 -> C:/Windows/fonts/SourceHanSerifCN-Regular.otf
Package mdframed Info: mdframed works in twoside mode on input line 189.
Package mdframed Info: mdframed detected package amsthm 
 changed the theorem header of amsthm
(mdframed)              on input line 189.
Package mdframed Info: mdframed works in twoside mode on input line 195.
Package mdframed Info: mdframed detected package amsthm 
 changed the theorem header of amsthm
(mdframed)              on input line 195.
 [4] [5]
Package mdframed Info: mdframed works in twoside mode on input line 262.
Package mdframed Info: mdframed detected package amsthm 
 changed the theorem header of amsthm
(mdframed)              on input line 262.
Package mdframed Info: Not enough space on this page on input line 264.
Requested font "ntx-Regular-tlf-ot1" at 6.2pt
 -> d:/texlive/2023/texmf-dist/fonts/tfm/public/newtx/ntx-Regular-tlf-ot1.tfm
Requested font "ntx-Regular-tlf-ot1" at 5.5pt
 -> d:/texlive/2023/texmf-dist/fonts/tfm/public/newtx/ntx-Regular-tlf-ot1.tfm
Requested font "ntxmi5" at 6.2pt
 -> d:/texlive/2023/texmf-dist/fonts/tfm/public/newtx/ntxmi5.tfm
Requested font "ntxmi5" at 5.5pt
 -> d:/texlive/2023/texmf-dist/fonts/tfm/public/newtx/ntxmi5.tfm
Requested font "ntxsy5" at 6.2pt
 -> d:/texlive/2023/texmf-dist/fonts/tfm/public/newtx/ntxsy5.tfm
Requested font "ntxsy5" at 5.5pt
 -> d:/texlive/2023/texmf-dist/fonts/tfm/public/newtx/ntxsy5.tfm
Requested font "ntxexx" at 6.2pt
 -> d:/texlive/2023/texmf-dist/fonts/tfm/public/newtx/ntxexx.tfm
Requested font "ntxexx" at 5.5pt
 -> d:/texlive/2023/texmf-dist/fonts/tfm/public/newtx/ntxexx.tfm
Requested font "msam7" at 6.2pt
 -> d:/texlive/2023/texmf-dist/fonts/tfm/public/amsfonts/symbols/msam7.tfm
Requested font "msam5" at 5.5pt
 -> d:/texlive/2023/texmf-dist/fonts/tfm/public/amsfonts/symbols/msam5.tfm
Requested font "msbm7" at 6.2pt
 -> d:/texlive/2023/texmf-dist/fonts/tfm/public/amsfonts/symbols/msbm7.tfm
Requested font "msbm5" at 5.5pt
 -> d:/texlive/2023/texmf-dist/fonts/tfm/public/amsfonts/symbols/msbm5.tfm
Requested font "cmbx6" at 6.2pt
 -> d:/texlive/2023/texmf-dist/fonts/tfm/public/cm/cmbx6.tfm
Requested font "cmbx5" at 5.5pt
 -> d:/texlive/2023/texmf-dist/fonts/tfm/public/cm/cmbx5.tfm
Requested font "cmmib7" at 6.2pt
 -> d:/texlive/2023/texmf-dist/fonts/tfm/public/amsfonts/cmextra/cmmib7.tfm
Requested font "cmmib5" at 5.5pt
 -> d:/texlive/2023/texmf-dist/fonts/tfm/public/amsfonts/cmextra/cmmib5.tfm
Requested font "cmbsy7" at 6.2pt
 -> d:/texlive/2023/texmf-dist/fonts/tfm/public/amsfonts/cmextra/cmbsy7.tfm
Requested font "cmbsy5" at 5.5pt
 -> d:/texlive/2023/texmf-dist/fonts/tfm/public/amsfonts/cmextra/cmbsy5.tfm
Requested font "ntxmia" at 6.2pt
 -> d:/texlive/2023/texmf-dist/fonts/tfm/public/newtx/ntxmia.tfm
Requested font "ntxmia" at 5.5pt
 -> d:/texlive/2023/texmf-dist/fonts/tfm/public/newtx/ntxmia.tfm
Requested font "ntxsym" at 6.2pt
 -> d:/texlive/2023/texmf-dist/fonts/tfm/public/newtx/ntxsym.tfm
Requested font "ntxsym" at 5.5pt
 -> d:/texlive/2023/texmf-dist/fonts/tfm/public/newtx/ntxsym.tfm
Requested font "ntxsyc" at 6.2pt
 -> d:/texlive/2023/texmf-dist/fonts/tfm/public/newtx/ntxsyc.tfm
Requested font "ntxsyc" at 5.5pt
 -> d:/texlive/2023/texmf-dist/fonts/tfm/public/newtx/ntxsyc.tfm
Requested font "ntxexa" at 6.2pt
 -> d:/texlive/2023/texmf-dist/fonts/tfm/public/newtx/ntxexa.tfm
Requested font "ntxexa" at 5.5pt
 -> d:/texlive/2023/texmf-dist/fonts/tfm/public/newtx/ntxexa.tfm
Requested font "eurm7" at 6.2pt
 -> d:/texlive/2023/texmf-dist/fonts/tfm/public/amsfonts/euler/eurm7.tfm
Requested font "eurm5" at 5.5pt
 -> d:/texlive/2023/texmf-dist/fonts/tfm/public/amsfonts/euler/eurm5.tfm
Requested font "wasy6" at 6.2pt
 -> d:/texlive/2023/texmf-dist/fonts/tfm/public/wasy/wasy6.tfm
Requested font "wasy5" at 5.5pt
 -> d:/texlive/2023/texmf-dist/fonts/tfm/public/wasy/wasy5.tfm
Requested font "ntx-Regular-tlf-ot1" at 6.5pt
 -> d:/texlive/2023/texmf-dist/fonts/tfm/public/newtx/ntx-Regular-tlf-ot1.tfm
Requested font "ntxmi7" at 6.5pt
 -> d:/texlive/2023/texmf-dist/fonts/tfm/public/newtx/ntxmi7.tfm
Requested font "ntxsy7" at 6.5pt
 -> d:/texlive/2023/texmf-dist/fonts/tfm/public/newtx/ntxsy7.tfm
Requested font "ntxexx" at 6.5pt
 -> d:/texlive/2023/texmf-dist/fonts/tfm/public/newtx/ntxexx.tfm
Requested font "msam7" at 6.5pt
 -> d:/texlive/2023/texmf-dist/fonts/tfm/public/amsfonts/symbols/msam7.tfm
Requested font "msbm7" at 6.5pt
 -> d:/texlive/2023/texmf-dist/fonts/tfm/public/amsfonts/symbols/msbm7.tfm
Requested font "cmbx6" at 6.5pt
 -> d:/texlive/2023/texmf-dist/fonts/tfm/public/cm/cmbx6.tfm
Requested font "cmmib7" at 6.5pt
 -> d:/texlive/2023/texmf-dist/fonts/tfm/public/amsfonts/cmextra/cmmib7.tfm
Requested font "cmbsy7" at 6.5pt
 -> d:/texlive/2023/texmf-dist/fonts/tfm/public/amsfonts/cmextra/cmbsy7.tfm
Requested font "ntxmia" at 6.5pt
 -> d:/texlive/2023/texmf-dist/fonts/tfm/public/newtx/ntxmia.tfm
Requested font "ntxsym" at 6.5pt
 -> d:/texlive/2023/texmf-dist/fonts/tfm/public/newtx/ntxsym.tfm
Requested font "ntxsyc" at 6.5pt
 -> d:/texlive/2023/texmf-dist/fonts/tfm/public/newtx/ntxsyc.tfm
Requested font "ntxexa" at 6.5pt
 -> d:/texlive/2023/texmf-dist/fonts/tfm/public/newtx/ntxexa.tfm
Requested font "eurm7" at 6.5pt
 -> d:/texlive/2023/texmf-dist/fonts/tfm/public/amsfonts/euler/eurm7.tfm
Requested font "wasy6" at 6.5pt
 -> d:/texlive/2023/texmf-dist/fonts/tfm/public/wasy/wasy6.tfm
Package mdframed Info: mdframed works in twoside mode on input line 300.
Package mdframed Info: mdframed detected package amsthm 
 changed the theorem header of amsthm
(mdframed)              on input line 300.
 [6]
Package mdframed Info: mdframed works in twoside mode on input line 369.
Package mdframed Info: mdframed detected package amsthm 
 changed the theorem header of amsthm
(mdframed)              on input line 369.

Missing character: There is no 有 ("6709) in font ntx-Regular-tlf-ot1!
[7]
Package mdframed Info: mdframed works in twoside mode on input line 397.
Package mdframed Info: mdframed detected package amsthm 
 changed the theorem header of amsthm
(mdframed)              on input line 397.
Requested font "[TeXGyreTermesX-Bold.otf]/OT:script=latn;language=dflt;+tnum;+l
num;mapping=tex-text;" at 10.53937pt
 -> d:/texlive/2023/texmf-dist/fonts/opentype/public/newtx/TeXGyreTermesX-Bold.
otf
Package mdframed Info: mdframed works in twoside mode on input line 413.
Package mdframed Info: mdframed detected package amsthm 
 changed the theorem header of amsthm
(mdframed)              on input line 413.
Package mdframed Info: mdframed works in twoside mode on input line 417.
Package mdframed Info: mdframed detected package amsthm 
 changed the theorem header of amsthm
(mdframed)              on input line 417.
Package mdframed Info: mdframed works in twoside mode on input line 429.
Package mdframed Info: mdframed detected package amsthm 
 changed the theorem header of amsthm
(mdframed)              on input line 429.
 [8]
Package mdframed Info: mdframed works in twoside mode on input line 470.
Package mdframed Info: mdframed detected package amsthm 
 changed the theorem header of amsthm
(mdframed)              on input line 470.
Package mdframed Info: mdframed works in twoside mode on input line 485.
Package mdframed Info: mdframed detected package amsthm 
 changed the theorem header of amsthm
(mdframed)              on input line 485.
Package mdframed Info: mdframed works in twoside mode on input line 489.
Package mdframed Info: mdframed detected package amsthm 
 changed the theorem header of amsthm
(mdframed)              on input line 489.
Package mdframed Info: mdframed works in twoside mode on input line 505.
Package mdframed Info: mdframed detected package amsthm 
 changed the theorem header of amsthm
(mdframed)              on input line 505.
Requested font "[TeXGyreTermesX-Regular.otf]/OT:script=latn;language=dflt;+tnum
;+lnum;mapping=tex-text;" at 15.05624pt
 -> d:/texlive/2023/texmf-dist/fonts/opentype/public/newtx/TeXGyreTermesX-Regul
ar.otf
 [9]
Package mdframed Info: mdframed works in twoside mode on input line 558.
Package mdframed Info: mdframed detected package amsthm 
 changed the theorem header of amsthm
(mdframed)              on input line 558.
Package mdframed Info: mdframed works in twoside mode on input line 575.
Package mdframed Info: mdframed detected package amsthm 
 changed the theorem header of amsthm
(mdframed)              on input line 575.
 [10]
Package mdframed Info: mdframed works in twoside mode on input line 593.
Package mdframed Info: mdframed detected package amsthm 
 changed the theorem header of amsthm
(mdframed)              on input line 593.
Package mdframed Info: Not enough space on this page on input line 601.
Package mdframed Info: mdframed works in twoside mode on input line 604.
Package mdframed Info: mdframed detected package amsthm 
 changed the theorem header of amsthm
(mdframed)              on input line 604.
Package mdframed Info: mdframed works in twoside mode on input line 631.
Package mdframed Info: mdframed detected package amsthm 
 changed the theorem header of amsthm
(mdframed)              on input line 631.
Package mdframed Info: mdframed works in twoside mode on input line 654.
Package mdframed Info: mdframed detected package amsthm 
 changed the theorem header of amsthm
(mdframed)              on input line 654.
 [11] [12] [13]
Package mdframed Info: mdframed works in twoside mode on input line 788.
Package mdframed Info: mdframed detected package amsthm 
 changed the theorem header of amsthm
(mdframed)              on input line 788.
Package mdframed Info: mdframed works in twoside mode on input line 797.
Package mdframed Info: mdframed detected package amsthm 
 changed the theorem header of amsthm
(mdframed)              on input line 797.
Package mdframed Info: mdframed works in twoside mode on input line 814.
Package mdframed Info: mdframed detected package amsthm 
 changed the theorem header of amsthm
(mdframed)              on input line 814.
 [14]
Package mdframed Info: mdframed works in twoside mode on input line 868.
Package mdframed Info: mdframed detected package amsthm 
 changed the theorem header of amsthm
(mdframed)              on input line 868.
Package mdframed Info: mdframed works in twoside mode on input line 878.
Package mdframed Info: mdframed detected package amsthm 
 changed the theorem header of amsthm
(mdframed)              on input line 878.
Package mdframed Info: mdframed works in twoside mode on input line 884.
Package mdframed Info: mdframed detected package amsthm 
 changed the theorem header of amsthm
(mdframed)              on input line 884.

Underfull \hbox (badness 1226) in paragraph at lines 886--888
[]\TU/SourceHanSerifCN(0)/m/n/12.045 设 $\OML/ntxmi/m/it/12.045 X$ \TU/SourceHan
SerifCN(0)/m/n/12.045 是 任 一 非 空 集 合\TU/TeXGyreTermesX(0)/m/n/12.045 . \TU/Sourc
eHanSerifCN(0)/m/n/12.045 在 幂 集 $\OT1/minntx/m/n/12.045 2[]$ \TU/SourceHanSerif
CN(0)/m/n/12.045 上 定 义 关 系 $\OML/ntxmi/m/it/12.045 ^^9f$ \TU/SourceHanSerifCN(0
)/m/n/12.045 如 下\TU/TeXGyreTermesX(0)/m/n/12.045 :$\OML/ntxmi/m/it/12.045 A; B 
\LMS/ntxsy/m/n/12.045 2
 []

[15]
Package mdframed Info: mdframed works in twoside mode on input line 894.
Package mdframed Info: mdframed detected package amsthm 
 changed the theorem header of amsthm
(mdframed)              on input line 894.
Package mdframed Info: mdframed works in twoside mode on input line 910.
Package mdframed Info: mdframed detected package amsthm 
 changed the theorem header of amsthm
(mdframed)              on input line 910.
Package mdframed Info: mdframed works in twoside mode on input line 931.
Package mdframed Info: mdframed detected package amsthm 
 changed the theorem header of amsthm
(mdframed)              on input line 931.
Package mdframed Info: mdframed works in twoside mode on input line 940.
Package mdframed Info: mdframed detected package amsthm 
 changed the theorem header of amsthm
(mdframed)              on input line 940.
Package mdframed Info: mdframed works in twoside mode on input line 946.
Package mdframed Info: mdframed detected package amsthm 
 changed the theorem header of amsthm
(mdframed)              on input line 946.
Package mdframed Info: Not enough space on this page on input line 953.
 [16]
Package mdframed Info: Not enough space on this page on input line 953.
Package mdframed Info: mdframed works in twoside mode on input line 955.
Package mdframed Info: mdframed detected package amsthm 
 changed the theorem header of amsthm
(mdframed)              on input line 955.
Package mdframed Info: mdframed works in twoside mode on input line 970.
Package mdframed Info: mdframed detected package amsthm 
 changed the theorem header of amsthm
(mdframed)              on input line 970.
Package mdframed Info: mdframed works in twoside mode on input line 974.
Package mdframed Info: mdframed detected package amsthm 
 changed the theorem header of amsthm
(mdframed)              on input line 974.
Package mdframed Info: mdframed works in twoside mode on input line 984.
Package mdframed Info: mdframed detected package amsthm 
 changed the theorem header of amsthm
(mdframed)              on input line 984.
 [17]
Underfull \vbox (badness 2310) has occurred while \output is active []

 [18]
Package mdframed Info: mdframed works in twoside mode on input line 1075.
Package mdframed Info: mdframed detected package amsthm 
 changed the theorem header of amsthm
(mdframed)              on input line 1075.
File: figure//_page_34_Figure_4.jpeg Graphic file (type bmp)
<figure//_page_34_Figure_4.jpeg>

[19]
File: figure//_page_35_Picture_12.jpeg Graphic file (type bmp)
<figure//_page_35_Picture_12.jpeg>
 [20] [21]
Package mdframed Info: mdframed works in twoside mode on input line 1219.
Package mdframed Info: mdframed detected package amsthm 
 changed the theorem header of amsthm
(mdframed)              on input line 1219.
Package mdframed Info: Not enough space on this page on input line 1221.
Package mdframed Info: mdframed works in twoside mode on input line 1223.
Package mdframed Info: mdframed detected package amsthm 
 changed the theorem header of amsthm
(mdframed)              on input line 1223.
Package mdframed Info: mdframed works in twoside mode on input line 1227.
Package mdframed Info: mdframed detected package amsthm 
 changed the theorem header of amsthm
(mdframed)              on input line 1227.

Underfull \vbox (badness 3612) has occurred while \output is active []

 [22]
Package mdframed Info: mdframed works in twoside mode on input line 1300.
Package mdframed Info: mdframed detected package amsthm 
 changed the theorem header of amsthm
(mdframed)              on input line 1300.
Package mdframed Info: mdframed works in twoside mode on input line 1312.
Package mdframed Info: mdframed detected package amsthm 
 changed the theorem header of amsthm
(mdframed)              on input line 1312.

Underfull \vbox (badness 10000) has occurred while \output is active []

 [23]
File: figure//_page_39_Picture_5.jpeg Graphic file (type bmp)
<figure//_page_39_Picture_5.jpeg>

[24]
Package mdframed Info: mdframed works in twoside mode on input line 1397.
Package mdframed Info: mdframed detected package amsthm 
 changed the theorem header of amsthm
(mdframed)              on input line 1397.
Package mdframed Info: Not enough space on this page on input line 1425.

Missing character: There is no 。 ("3002) in font ntx-Regular-tlf-ot1!
Missing character: There is no 。 ("3002) in font ntx-Regular-tlf-ot1!

Underfull \vbox (badness 10000) has occurred while \output is active []

 [25]
Package mdframed Info: mdframed works in twoside mode on input line 1486.
Package mdframed Info: mdframed detected package amsthm 
 changed the theorem header of amsthm
(mdframed)              on input line 1486.
Package mdframed Info: mdframed works in twoside mode on input line 1492.
Package mdframed Info: mdframed detected package amsthm 
 changed the theorem header of amsthm
(mdframed)              on input line 1492.

[26] [27]
Package mdframed Info: mdframed works in twoside mode on input line 1606.
Package mdframed Info: mdframed detected package amsthm 
 changed the theorem header of amsthm
(mdframed)              on input line 1606.
 [28]
Package mdframed Info: mdframed works in twoside mode on input line 1661.
Package mdframed Info: mdframed detected package amsthm 
 changed the theorem header of amsthm
(mdframed)              on input line 1661.
Package mdframed Info: mdframed works in twoside mode on input line 1688.
Package mdframed Info: mdframed detected package amsthm 
 changed the theorem header of amsthm
(mdframed)              on input line 1688.
Package mdframed Info: mdframed works in twoside mode on input line 1698.
Package mdframed Info: mdframed detected package amsthm 
 changed the theorem header of amsthm
(mdframed)              on input line 1698.
Package mdframed Info: mdframed works in twoside mode on input line 1707.
Package mdframed Info: mdframed detected package amsthm 
 changed the theorem header of amsthm
(mdframed)              on input line 1707.
Package mdframed Info: Not enough space on this page on input line 1720.
 [29]
Package mdframed Info: Not enough space on this page on input line 1720.
Package mdframed Info: mdframed works in twoside mode on input line 1722.
Package mdframed Info: mdframed detected package amsthm 
 changed the theorem header of amsthm
(mdframed)              on input line 1722.
Package mdframed Info: mdframed works in twoside mode on input line 1741.
Package mdframed Info: mdframed detected package amsthm 
 changed the theorem header of amsthm
(mdframed)              on input line 1741.
Package mdframed Info: mdframed works in twoside mode on input line 1758.
Package mdframed Info: mdframed detected package amsthm 
 changed the theorem header of amsthm
(mdframed)              on input line 1758.
Package mdframed Info: mdframed works in twoside mode on input line 1767.
Package mdframed Info: mdframed detected package amsthm 
 changed the theorem header of amsthm
(mdframed)              on input line 1767.
 [30]
Package mdframed Info: mdframed works in twoside mode on input line 1776.
Package mdframed Info: mdframed detected package amsthm 
 changed the theorem header of amsthm
(mdframed)              on input line 1776.
Package mdframed Info: mdframed works in twoside mode on input line 1783.
Package mdframed Info: mdframed detected package amsthm 
 changed the theorem header of amsthm
(mdframed)              on input line 1783.
Package mdframed Info: mdframed works in twoside mode on input line 1804.
Package mdframed Info: mdframed detected package amsthm 
 changed the theorem header of amsthm
(mdframed)              on input line 1804.
Package mdframed Info: mdframed works in twoside mode on input line 1817.
Package mdframed Info: mdframed detected package amsthm 
 changed the theorem header of amsthm
(mdframed)              on input line 1817.
Package mdframed Info: mdframed works in twoside mode on input line 1834.
Package mdframed Info: mdframed detected package amsthm 
 changed the theorem header of amsthm
(mdframed)              on input line 1834.
Package mdframed Info: mdframed works in twoside mode on input line 1838.
Package mdframed Info: mdframed detected package amsthm 
 changed the theorem header of amsthm
(mdframed)              on input line 1838.
Package mdframed Info: mdframed works in twoside mode on input line 1847.
Package mdframed Info: mdframed detected package amsthm 
 changed the theorem header of amsthm
(mdframed)              on input line 1847.
 [31]
Package mdframed Info: Not enough space on this page on input line 1857.
Package mdframed Info: mdframed works in twoside mode on input line 1859.
Package mdframed Info: mdframed detected package amsthm 
 changed the theorem header of amsthm
(mdframed)              on input line 1859.
Package mdframed Info: mdframed works in twoside mode on input line 1874.
Package mdframed Info: mdframed detected package amsthm 
 changed the theorem header of amsthm
(mdframed)              on input line 1874.
) [32]
\openout2 = `tex/chapter02.aux'.

 (./tex/chapter02.tex
第2章
Package mdframed Info: mdframed works in twoside mode on input line 19.
Package mdframed Info: mdframed detected package amsthm 
 changed the theorem header of amsthm
(mdframed)              on input line 19.
[33




]
Package mdframed Info: mdframed works in twoside mode on input line 54.
Package mdframed Info: mdframed detected package amsthm 
 changed the theorem header of amsthm
(mdframed)              on input line 54.
Package mdframed Info: mdframed works in twoside mode on input line 73.
Package mdframed Info: mdframed detected package amsthm 
 changed the theorem header of amsthm
(mdframed)              on input line 73.
Requested font "ntx-Bold-tlf-ot1" at 12.045pt
 -> d:/texlive/2023/texmf-dist/fonts/tfm/public/newtx/ntx-Bold-tlf-ot1.tfm
Requested font "ntx-Bold-tlf-ot1" at 8.0pt
 -> d:/texlive/2023/texmf-dist/fonts/tfm/public/newtx/ntx-Bold-tlf-ot1.tfm
Requested font "ntx-Bold-tlf-ot1" at 6.0pt
 -> d:/texlive/2023/texmf-dist/fonts/tfm/public/newtx/ntx-Bold-tlf-ot1.tfm
 [34]
Package mdframed Info: mdframed works in twoside mode on input line 100.
Package mdframed Info: mdframed detected package amsthm 
 changed the theorem header of amsthm
(mdframed)              on input line 100.
Package mdframed Info: Not enough space on this page on input line 134.
Package mdframed Info: mdframed works in twoside mode on input line 143.
Package mdframed Info: mdframed detected package amsthm 
 changed the theorem header of amsthm
(mdframed)              on input line 143.
 [35]
Requested font "ntx-Bold-tlf-ot1" at 9.03374pt
 -> d:/texlive/2023/texmf-dist/fonts/tfm/public/newtx/ntx-Bold-tlf-ot1.tfm
Requested font "ntx-Bold-tlf-ot1" at 5.0pt
 -> d:/texlive/2023/texmf-dist/fonts/tfm/public/newtx/ntx-Bold-tlf-ot1.tfm
 [36] [37]
Package mdframed Info: mdframed works in twoside mode on input line 346.
Package mdframed Info: mdframed detected package amsthm 
 changed the theorem header of amsthm
(mdframed)              on input line 346.
Package mdframed Info: mdframed works in twoside mode on input line 360.
Package mdframed Info: mdframed detected package amsthm 
 changed the theorem header of amsthm
(mdframed)              on input line 360.
Package mdframed Info: You first box width is to small
 mdframed fixed it
(mdframed)              on input line 374.
 [38]
Package mdframed Info: mdframed works in twoside mode on input line 376.
Package mdframed Info: mdframed detected package amsthm 
 changed the theorem header of amsthm
(mdframed)              on input line 376.
Package mdframed Info: mdframed works in twoside mode on input line 384.
Package mdframed Info: mdframed detected package amsthm 
 changed the theorem header of amsthm
(mdframed)              on input line 384.
Package mdframed Info: mdframed works in twoside mode on input line 404.
Package mdframed Info: mdframed detected package amsthm 
 changed the theorem header of amsthm
(mdframed)              on input line 404.
Package mdframed Info: mdframed works in twoside mode on input line 415.
Package mdframed Info: mdframed detected package amsthm 
 changed the theorem header of amsthm
(mdframed)              on input line 415.
 [39]
Requested font "ntx-Regular-tlf-ot1" at 15.05624pt
 -> d:/texlive/2023/texmf-dist/fonts/tfm/public/newtx/ntx-Regular-tlf-ot1.tfm
Requested font "ntxmi" at 15.05624pt
 -> d:/texlive/2023/texmf-dist/fonts/tfm/public/newtx/ntxmi.tfm
Requested font "ntxsy" at 15.05624pt
 -> d:/texlive/2023/texmf-dist/fonts/tfm/public/newtx/ntxsy.tfm
Requested font "ntxexx" at 15.05624pt
 -> d:/texlive/2023/texmf-dist/fonts/tfm/public/newtx/ntxexx.tfm
Requested font "msam10" at 15.05624pt
 -> d:/texlive/2023/texmf-dist/fonts/tfm/public/amsfonts/symbols/msam10.tfm
Requested font "msbm10" at 15.05624pt
 -> d:/texlive/2023/texmf-dist/fonts/tfm/public/amsfonts/symbols/msbm10.tfm
Requested font "cmbx12" at 15.05624pt
 -> d:/texlive/2023/texmf-dist/fonts/tfm/public/cm/cmbx12.tfm
Requested font "cmmib10" at 15.05624pt
 -> d:/texlive/2023/texmf-dist/fonts/tfm/public/cm/cmmib10.tfm
Requested font "cmbsy10" at 15.05624pt
 -> d:/texlive/2023/texmf-dist/fonts/tfm/public/cm/cmbsy10.tfm
Requested font "ntx-Bold-tlf-ot1" at 15.05624pt
 -> d:/texlive/2023/texmf-dist/fonts/tfm/public/newtx/ntx-Bold-tlf-ot1.tfm
Requested font "ntxmia" at 15.05624pt
 -> d:/texlive/2023/texmf-dist/fonts/tfm/public/newtx/ntxmia.tfm
Requested font "ntxsym" at 15.05624pt
 -> d:/texlive/2023/texmf-dist/fonts/tfm/public/newtx/ntxsym.tfm
Requested font "ntxsyc" at 15.05624pt
 -> d:/texlive/2023/texmf-dist/fonts/tfm/public/newtx/ntxsyc.tfm
Requested font "ntxexa" at 15.05624pt
 -> d:/texlive/2023/texmf-dist/fonts/tfm/public/newtx/ntxexa.tfm
Requested font "eurm10" at 15.05624pt
 -> d:/texlive/2023/texmf-dist/fonts/tfm/public/amsfonts/euler/eurm10.tfm
Requested font "wasy10" at 15.05624pt
 -> d:/texlive/2023/texmf-dist/fonts/tfm/public/wasy/wasy10.tfm


Package hyperref Warning: Token not allowed in a PDF string (Unicode):
(hyperref)                removing `math shift' on input line 461.


Package hyperref Warning: Token not allowed in a PDF string (Unicode):
(hyperref)                removing `math shift' on input line 461.


Package hyperref Warning: Token not allowed in a PDF string (Unicode):
(hyperref)                removing `math shift' on input line 465.


Package hyperref Warning: Token not allowed in a PDF string (Unicode):
(hyperref)                removing `math shift' on input line 465.

[40]

Package hyperref Warning: Token not allowed in a PDF string (Unicode):
(hyperref)                removing `math shift' on input line 502.


Package hyperref Warning: Token not allowed in a PDF string (Unicode):
(hyperref)                removing `math shift' on input line 502.

Requested font "ntx-Bold-tlf-ot1" at 10.53937pt
 -> d:/texlive/2023/texmf-dist/fonts/tfm/public/newtx/ntx-Bold-tlf-ot1.tfm
Requested font "ntx-Bold-tlf-ot1" at 7.0pt
 -> d:/texlive/2023/texmf-dist/fonts/tfm/public/newtx/ntx-Bold-tlf-ot1.tfm
[41] [42]

Package hyperref Warning: Token not allowed in a PDF string (Unicode):
(hyperref)                removing `math shift' on input line 629.


Package hyperref Warning: Token not allowed in a PDF string (Unicode):
(hyperref)                removing `math shift' on input line 629.

Requested font "[TeXGyreTermesX-Bold.otf]/OT:script=latn;language=dflt;+tnum;+l
num;mapping=tex-text;" at 8.0pt
 -> d:/texlive/2023/texmf-dist/fonts/opentype/public/newtx/TeXGyreTermesX-Bold.
otf
Requested font "[TeXGyreTermesX-Bold.otf]/OT:script=latn;language=dflt;+tnum;+l
num;mapping=tex-text;" at 6.0pt
 -> d:/texlive/2023/texmf-dist/fonts/opentype/public/newtx/TeXGyreTermesX-Bold.
otf
Package mdframed Info: mdframed works in twoside mode on input line 660.
Package mdframed Info: mdframed detected package amsthm 
 changed the theorem header of amsthm
(mdframed)              on input line 660.
Package mdframed Info: mdframed works in twoside mode on input line 664.
Package mdframed Info: mdframed detected package amsthm 
 changed the theorem header of amsthm
(mdframed)              on input line 664.
Package mdframed Info: mdframed works in twoside mode on input line 668.
Package mdframed Info: mdframed detected package amsthm 
 changed the theorem header of amsthm
(mdframed)              on input line 668.
Package mdframed Info: mdframed works in twoside mode on input line 673.
Package mdframed Info: mdframed detected package amsthm 
 changed the theorem header of amsthm
(mdframed)              on input line 673.

Package hyperref Warning: Token not allowed in a PDF string (Unicode):
(hyperref)                removing `\(' on input line 679.


Package hyperref Warning: Token not allowed in a PDF string (Unicode):
(hyperref)                removing `\)' on input line 679.

[43]

Package hyperref Warning: Token not allowed in a PDF string (Unicode):
(hyperref)                removing `\(' on input line 683.


Package hyperref Warning: Token not allowed in a PDF string (Unicode):
(hyperref)                removing `\)' on input line 683.

[44]

Package hyperref Warning: Token not allowed in a PDF string (Unicode):
(hyperref)                removing `\(' on input line 826.


Package hyperref Warning: Token not allowed in a PDF string (Unicode):
(hyperref)                removing `\)' on input line 826.


Package hyperref Warning: Token not allowed in a PDF string (Unicode):
(hyperref)                removing `\(' on input line 826.


Package hyperref Warning: Token not allowed in a PDF string (Unicode):
(hyperref)                removing `\)' on input line 826.

[45] [46] [47]
Package mdframed Info: mdframed works in twoside mode on input line 1004.
Package mdframed Info: mdframed detected package amsthm 
 changed the theorem header of amsthm
(mdframed)              on input line 1004.
Package mdframed Info: mdframed works in twoside mode on input line 1008.
Package mdframed Info: mdframed detected package amsthm 
 changed the theorem header of amsthm
(mdframed)              on input line 1008.
Package mdframed Info: mdframed works in twoside mode on input line 1013.
Package mdframed Info: mdframed detected package amsthm 
 changed the theorem header of amsthm
(mdframed)              on input line 1013.
Package mdframed Info: mdframed works in twoside mode on input line 1022.
Package mdframed Info: mdframed detected package amsthm 
 changed the theorem header of amsthm
(mdframed)              on input line 1022.
Package mdframed Info: mdframed works in twoside mode on input line 1026.
Package mdframed Info: mdframed detected package amsthm 
 changed the theorem header of amsthm
(mdframed)              on input line 1026.
Package mdframed Info: mdframed works in twoside mode on input line 1047.
Package mdframed Info: mdframed detected package amsthm 
 changed the theorem header of amsthm
(mdframed)              on input line 1047.
Package mdframed Info: mdframed works in twoside mode on input line 1059.
Package mdframed Info: mdframed detected package amsthm 
 changed the theorem header of amsthm
(mdframed)              on input line 1059.
Package mdframed Info: mdframed works in twoside mode on input line 1067.
Package mdframed Info: mdframed detected package amsthm 
 changed the theorem header of amsthm
(mdframed)              on input line 1067.
Package mdframed Info: mdframed works in twoside mode on input line 1073.
Package mdframed Info: mdframed detected package amsthm 
 changed the theorem header of amsthm
(mdframed)              on input line 1073.
Package mdframed Info: mdframed works in twoside mode on input line 1082.
Package mdframed Info: mdframed detected package amsthm 
 changed the theorem header of amsthm
(mdframed)              on input line 1082.
 [48]

Package hyperref Warning: Token not allowed in a PDF string (Unicode):
(hyperref)                removing `\(' on input line 1124.


Package hyperref Warning: Token not allowed in a PDF string (Unicode):
(hyperref)                removing `\)' on input line 1124.


Package hyperref Warning: Token not allowed in a PDF string (Unicode):
(hyperref)                removing `\(' on input line 1126.


Package hyperref Warning: Token not allowed in a PDF string (Unicode):
(hyperref)                removing `\)' on input line 1126.


Package hyperref Warning: Token not allowed in a PDF string (Unicode):
(hyperref)                removing `\(' on input line 1142.


Package hyperref Warning: Token not allowed in a PDF string (Unicode):
(hyperref)                removing `\)' on input line 1142.

[49] [50]
Package mdframed Info: mdframed works in twoside mode on input line 1254.
Package mdframed Info: mdframed detected package amsthm 
 changed the theorem header of amsthm
(mdframed)              on input line 1254.
Package mdframed Info: mdframed works in twoside mode on input line 1265.
Package mdframed Info: mdframed detected package amsthm 
 changed the theorem header of amsthm
(mdframed)              on input line 1265.
Package mdframed Info: mdframed works in twoside mode on input line 1269.
Package mdframed Info: mdframed detected package amsthm 
 changed the theorem header of amsthm
(mdframed)              on input line 1269.


Package hyperref Warning: Token not allowed in a PDF string (Unicode):
(hyperref)                removing `\(' on input line 1273.


Package hyperref Warning: Token not allowed in a PDF string (Unicode):
(hyperref)                removing `\)' on input line 1273.


Package hyperref Warning: Token not allowed in a PDF string (Unicode):
(hyperref)                removing `\(' on input line 1279.


Package hyperref Warning: Token not allowed in a PDF string (Unicode):
(hyperref)                removing `\)' on input line 1279.

[51] [52]

Package hyperref Warning: Token not allowed in a PDF string (Unicode):
(hyperref)                removing `\(' on input line 1411.


Package hyperref Warning: Token not allowed in a PDF string (Unicode):
(hyperref)                removing `\)' on input line 1411.

[53] [54]
Package mdframed Info: mdframed works in twoside mode on input line 1522.
Package mdframed Info: mdframed detected package amsthm 
 changed the theorem header of amsthm
(mdframed)              on input line 1522.
Package mdframed Info: mdframed works in twoside mode on input line 1530.
Package mdframed Info: mdframed detected package amsthm 
 changed the theorem header of amsthm
(mdframed)              on input line 1530.
 [55]
Package mdframed Info: mdframed works in twoside mode on input line 1550.
Package mdframed Info: mdframed detected package amsthm 
 changed the theorem header of amsthm
(mdframed)              on input line 1550.
Package mdframed Info: Not enough space on this page on input line 1557.
Package mdframed Info: mdframed works in twoside mode on input line 1559.
Package mdframed Info: mdframed detected package amsthm 
 changed the theorem header of amsthm
(mdframed)              on input line 1559.
Package mdframed Info: mdframed works in twoside mode on input line 1577.
Package mdframed Info: mdframed detected package amsthm 
 changed the theorem header of amsthm
(mdframed)              on input line 1577.
Package mdframed Info: mdframed works in twoside mode on input line 1582.
Package mdframed Info: mdframed detected package amsthm 
 changed the theorem header of amsthm
(mdframed)              on input line 1582.
Package mdframed Info: mdframed works in twoside mode on input line 1612.
Package mdframed Info: mdframed detected package amsthm 
 changed the theorem header of amsthm
(mdframed)              on input line 1612.
 [56]
Package mdframed Info: mdframed works in twoside mode on input line 1626.
Package mdframed Info: mdframed detected package amsthm 
 changed the theorem header of amsthm
(mdframed)              on input line 1626.
Package mdframed Info: mdframed works in twoside mode on input line 1630.
Package mdframed Info: mdframed detected package amsthm 
 changed the theorem header of amsthm
(mdframed)              on input line 1630.
Package mdframed Info: mdframed works in twoside mode on input line 1640.
Package mdframed Info: mdframed detected package amsthm 
 changed the theorem header of amsthm
(mdframed)              on input line 1640.
Package mdframed Info: mdframed works in twoside mode on input line 1645.
Package mdframed Info: mdframed detected package amsthm 
 changed the theorem header of amsthm
(mdframed)              on input line 1645.
Package mdframed Info: mdframed works in twoside mode on input line 1651.
Package mdframed Info: mdframed detected package amsthm 
 changed the theorem header of amsthm
(mdframed)              on input line 1651.
Package mdframed Info: mdframed works in twoside mode on input line 1661.
Package mdframed Info: mdframed detected package amsthm 
 changed the theorem header of amsthm
(mdframed)              on input line 1661.
) [57]
\openout2 = `tex/chapter03.aux'.

 (./tex/chapter03.tex [58




]
第3章
Package mdframed Info: mdframed works in twoside mode on input line 16.
Package mdframed Info: mdframed detected package amsthm 
 changed the theorem header of amsthm
(mdframed)              on input line 16.
[59]
Package mdframed Info: mdframed works in twoside mode on input line 57.
Package mdframed Info: mdframed detected package amsthm 
 changed the theorem header of amsthm
(mdframed)              on input line 57.
 [60]
Package mdframed Info: mdframed works in twoside mode on input line 188.
Package mdframed Info: mdframed detected package amsthm 
 changed the theorem header of amsthm
(mdframed)              on input line 188.
 [61]
Package mdframed Info: mdframed works in twoside mode on input line 240.
Package mdframed Info: mdframed detected package amsthm 
 changed the theorem header of amsthm
(mdframed)              on input line 240.
Package mdframed Info: Not enough space on this page on input line 275.
Package mdframed Info: mdframed works in twoside mode on input line 277.
Package mdframed Info: mdframed detected package amsthm 
 changed the theorem header of amsthm
(mdframed)              on input line 277.

Underfull \vbox (badness 10000) has occurred while \output is active []

 [62]
Package mdframed Info: mdframed works in twoside mode on input line 322.
Package mdframed Info: mdframed detected package amsthm 
 changed the theorem header of amsthm
(mdframed)              on input line 322.
Package mdframed Info: mdframed works in twoside mode on input line 376.
Package mdframed Info: mdframed detected package amsthm 
 changed the theorem header of amsthm
(mdframed)              on input line 376.

[63]
Package mdframed Info: mdframed works in twoside mode on input line 424.
Package mdframed Info: mdframed detected package amsthm 
 changed the theorem header of amsthm
(mdframed)              on input line 424.
 [64]
Package mdframed Info: mdframed works in twoside mode on input line 464.
Package mdframed Info: mdframed detected package amsthm 
 changed the theorem header of amsthm
(mdframed)              on input line 464.
Package mdframed Info: Not enough space on this page on input line 510.
Package mdframed Info: mdframed works in twoside mode on input line 514.
Package mdframed Info: mdframed detected package amsthm 
 changed the theorem header of amsthm
(mdframed)              on input line 514.
 [65]
Package mdframed Info: mdframed works in twoside mode on input line 557.
Package mdframed Info: mdframed detected package amsthm 
 changed the theorem header of amsthm
(mdframed)              on input line 557.

Underfull \vbox (badness 10000) has occurred while \output is active []

 [66]
Package mdframed Info: mdframed works in twoside mode on input line 613.
Package mdframed Info: mdframed detected package amsthm 
 changed the theorem header of amsthm
(mdframed)              on input line 613.
Package mdframed Info: mdframed works in twoside mode on input line 626.
Package mdframed Info: mdframed detected package amsthm 
 changed the theorem header of amsthm
(mdframed)              on input line 626.
Package mdframed Info: mdframed works in twoside mode on input line 630.
Package mdframed Info: mdframed detected package amsthm 
 changed the theorem header of amsthm
(mdframed)              on input line 630.
Package mdframed Info: mdframed works in twoside mode on input line 637.
Package mdframed Info: mdframed detected package amsthm 
 changed the theorem header of amsthm
(mdframed)              on input line 637.
Package mdframed Info: mdframed works in twoside mode on input line 645.
Package mdframed Info: mdframed detected package amsthm 
 changed the theorem header of amsthm
(mdframed)              on input line 645.
Package mdframed Info: mdframed works in twoside mode on input line 657.
Package mdframed Info: mdframed detected package amsthm 
 changed the theorem header of amsthm
(mdframed)              on input line 657.


Package mdframed Warning: You got a bad break
(mdframed)                because the last box will be empty
(mdframed)                you have to change it manually
(mdframed)                by changing the text, the space
(mdframed)                or something else on input line 680.

[67]
Package mdframed Info: mdframed works in twoside mode on input line 682.
Package mdframed Info: mdframed detected package amsthm 
 changed the theorem header of amsthm
(mdframed)              on input line 682.
Package mdframed Info: mdframed works in twoside mode on input line 693.
Package mdframed Info: mdframed detected package amsthm 
 changed the theorem header of amsthm
(mdframed)              on input line 693.
Package mdframed Info: mdframed works in twoside mode on input line 705.
Package mdframed Info: mdframed detected package amsthm 
 changed the theorem header of amsthm
(mdframed)              on input line 705.
Package mdframed Info: mdframed works in twoside mode on input line 728.
Package mdframed Info: mdframed detected package amsthm 
 changed the theorem header of amsthm
(mdframed)              on input line 728.
Package mdframed Info: mdframed works in twoside mode on input line 732.
Package mdframed Info: mdframed detected package amsthm 
 changed the theorem header of amsthm
(mdframed)              on input line 732.
Package mdframed Info: mdframed works in twoside mode on input line 743.
Package mdframed Info: mdframed detected package amsthm 
 changed the theorem header of amsthm
(mdframed)              on input line 743.
Package mdframed Info: mdframed works in twoside mode on input line 754.
Package mdframed Info: mdframed detected package amsthm 
 changed the theorem header of amsthm
(mdframed)              on input line 754.
Package mdframed Info: Not enough space on this page on input line 761.
 [68]
Package mdframed Info: Not enough space on this page on input line 761.
 [69]
Package mdframed Info: mdframed works in twoside mode on input line 848.
Package mdframed Info: mdframed detected package amsthm 
 changed the theorem header of amsthm
(mdframed)              on input line 848.
Package mdframed Info: mdframed works in twoside mode on input line 867.
Package mdframed Info: mdframed detected package amsthm 
 changed the theorem header of amsthm
(mdframed)              on input line 867.
 [70]
Underfull \hbox (badness 1024) in paragraph at lines 931--932
[]\TU/SourceHanSerifCN(0)/m/n/12.045 因 此 $\LMS/ntxsy/m/n/12.045 h\OML/ntxmi/m/i
t/12.045 x[] \LMS/ntxsy/m/n/12.045 Ï \OML/ntxmi/m/it/12.045 y[]\LMS/ntxsy/m/n/1
2.045 i$ \TU/SourceHanSerifCN(0)/m/n/12.045 及 $\LMS/ntxsy/m/n/12.045 h\OML/ntxm
i/m/it/12.045 x[]y[]\LMS/ntxsy/m/n/12.045 i$ \TU/SourceHanSerifCN(0)/m/n/12.045
 收 敛\TU/TeXGyreTermesX(0)/m/n/12.045 , \TU/SourceHanSerifCN(0)/m/n/12.045 并 且 $
[][]\LMS/ntxsy/m/n/12.045 ¹\OML/ntxmi/m/it/12.045 x[] \LMS/ntxsy/m/n/12.045 Ï \
OML/ntxmi/m/it/12.045 y[]\LMS/ntxsy/m/n/12.045 º \U/ntxmia/m/it/12.045 = \OML/n
txmi/m/it/12.045 a \LMS/ntxsy/m/n/12.045 Ï \OML/ntxmi/m/it/12.045 b$
 []

[71]
Package mdframed Info: mdframed works in twoside mode on input line 964.
Package mdframed Info: mdframed detected package amsthm 
 changed the theorem header of amsthm
(mdframed)              on input line 964.
 [72] [73]
Package mdframed Info: mdframed works in twoside mode on input line 1084.
Package mdframed Info: mdframed detected package amsthm 
 changed the theorem header of amsthm
(mdframed)              on input line 1084.
Package mdframed Info: Not enough space on this page on input line 1121.
Package mdframed Info: mdframed works in twoside mode on input line 1123.
Package mdframed Info: mdframed detected package amsthm 
 changed the theorem header of amsthm
(mdframed)              on input line 1123.
Package mdframed Info: mdframed works in twoside mode on input line 1156.
Package mdframed Info: mdframed detected package amsthm 
 changed the theorem header of amsthm
(mdframed)              on input line 1156.
 [74]
Package mdframed Info: Not enough space on this page on input line 1163.
Package mdframed Info: mdframed works in twoside mode on input line 1165.
Package mdframed Info: mdframed detected package amsthm 
 changed the theorem header of amsthm
(mdframed)              on input line 1165.
Package mdframed Info: mdframed works in twoside mode on input line 1177.
Package mdframed Info: mdframed detected package amsthm 
 changed the theorem header of amsthm
(mdframed)              on input line 1177.
Package mdframed Info: mdframed works in twoside mode on input line 1185.
Package mdframed Info: mdframed detected package amsthm 
 changed the theorem header of amsthm
(mdframed)              on input line 1185.
Package mdframed Info: mdframed works in twoside mode on input line 1194.
Package mdframed Info: mdframed detected package amsthm 
 changed the theorem header of amsthm
(mdframed)              on input line 1194.
Package mdframed Info: mdframed works in twoside mode on input line 1209.
Package mdframed Info: mdframed detected package amsthm 
 changed the theorem header of amsthm
(mdframed)              on input line 1209.
 [75]
Package mdframed Info: mdframed works in twoside mode on input line 1222.
Package mdframed Info: mdframed detected package amsthm 
 changed the theorem header of amsthm
(mdframed)              on input line 1222.
Package mdframed Info: mdframed works in twoside mode on input line 1232.
Package mdframed Info: mdframed detected package amsthm 
 changed the theorem header of amsthm
(mdframed)              on input line 1232.
Package mdframed Info: mdframed works in twoside mode on input line 1240.
Package mdframed Info: mdframed detected package amsthm 
 changed the theorem header of amsthm
(mdframed)              on input line 1240.
 [76]
Package mdframed Info: mdframed works in twoside mode on input line 1286.
Package mdframed Info: mdframed detected package amsthm 
 changed the theorem header of amsthm
(mdframed)              on input line 1286.
Package mdframed Info: mdframed works in twoside mode on input line 1310.
Package mdframed Info: mdframed detected package amsthm 
 changed the theorem header of amsthm
(mdframed)              on input line 1310.

Underfull \vbox (badness 1484) has occurred while \output is active []

 [77]
Package mdframed Info: mdframed works in twoside mode on input line 1343.
Package mdframed Info: mdframed detected package amsthm 
 changed the theorem header of amsthm
(mdframed)              on input line 1343.

[78]
Package mdframed Info: mdframed works in twoside mode on input line 1409.
Package mdframed Info: mdframed detected package amsthm 
 changed the theorem header of amsthm
(mdframed)              on input line 1409.
Package mdframed Info: mdframed works in twoside mode on input line 1421.
Package mdframed Info: mdframed detected package amsthm 
 changed the theorem header of amsthm
(mdframed)              on input line 1421.
Package mdframed Info: mdframed works in twoside mode on input line 1428.
Package mdframed Info: mdframed detected package amsthm 
 changed the theorem header of amsthm
(mdframed)              on input line 1428.
Package mdframed Info: mdframed works in twoside mode on input line 1441.
Package mdframed Info: mdframed detected package amsthm 
 changed the theorem header of amsthm
(mdframed)              on input line 1441.
Package mdframed Info: mdframed works in twoside mode on input line 1454.
Package mdframed Info: mdframed detected package amsthm 
 changed the theorem header of amsthm
(mdframed)              on input line 1454.
Package mdframed Info: Not enough space on this page on input line 1475.
 [79]
Package mdframed Info: Not enough space on this page on input line 1475.
Package mdframed Info: mdframed works in twoside mode on input line 1477.
Package mdframed Info: mdframed detected package amsthm 
 changed the theorem header of amsthm
(mdframed)              on input line 1477.
Package mdframed Info: mdframed works in twoside mode on input line 1490.
Package mdframed Info: mdframed detected package amsthm 
 changed the theorem header of amsthm
(mdframed)              on input line 1490.
Package mdframed Info: mdframed works in twoside mode on input line 1505.
Package mdframed Info: mdframed detected package amsthm 
 changed the theorem header of amsthm
(mdframed)              on input line 1505.

Underfull \vbox (badness 3780) has occurred while \output is active []

 [80]
[81] [82]
Package mdframed Info: mdframed works in twoside mode on input line 1669.
Package mdframed Info: mdframed detected package amsthm 
 changed the theorem header of amsthm
(mdframed)              on input line 1669.
Package mdframed Info: mdframed works in twoside mode on input line 1679.
Package mdframed Info: mdframed detected package amsthm 
 changed the theorem header of amsthm
(mdframed)              on input line 1679.

Underfull \vbox (badness 10000) has occurred while \output is active []

 [83]
[84] [85]
Package mdframed Info: mdframed works in twoside mode on input line 1852.
Package mdframed Info: mdframed detected package amsthm 
 changed the theorem header of amsthm
(mdframed)              on input line 1852.
Package mdframed Info: Not enough space on this page on input line 1872.
 [86]
Package mdframed Info: mdframed works in twoside mode on input line 1926.
Package mdframed Info: mdframed detected package amsthm 
 changed the theorem header of amsthm
(mdframed)              on input line 1926.
Package mdframed Info: mdframed works in twoside mode on input line 1960.
Package mdframed Info: mdframed detected package amsthm 
 changed the theorem header of amsthm
(mdframed)              on input line 1960.
 [87]
Package mdframed Info: mdframed works in twoside mode on input line 2033.
Package mdframed Info: mdframed detected package amsthm 
 changed the theorem header of amsthm
(mdframed)              on input line 2033.
Package mdframed Info: mdframed works in twoside mode on input line 2045.
Package mdframed Info: mdframed detected package amsthm 
 changed the theorem header of amsthm
(mdframed)              on input line 2045.
 [88] [89]
Package mdframed Info: mdframed works in twoside mode on input line 2125.
Package mdframed Info: mdframed detected package amsthm 
 changed the theorem header of amsthm
(mdframed)              on input line 2125.
Package mdframed Info: mdframed works in twoside mode on input line 2154.
Package mdframed Info: mdframed detected package amsthm 
 changed the theorem header of amsthm
(mdframed)              on input line 2154.
Package mdframed Info: mdframed works in twoside mode on input line 2162.
Package mdframed Info: mdframed detected package amsthm 
 changed the theorem header of amsthm
(mdframed)              on input line 2162.
Package mdframed Info: mdframed works in twoside mode on input line 2171.
Package mdframed Info: mdframed detected package amsthm 
 changed the theorem header of amsthm
(mdframed)              on input line 2171.

Underfull \vbox (badness 1308) has occurred while \output is active []

 [90]
[91]
Package mdframed Info: mdframed works in twoside mode on input line 2308.
Package mdframed Info: mdframed detected package amsthm 
 changed the theorem header of amsthm
(mdframed)              on input line 2308.
 [92]
Package mdframed Info: Not enough space on this page on input line 2314.
Package mdframed Info: mdframed works in twoside mode on input line 2316.
Package mdframed Info: mdframed detected package amsthm 
 changed the theorem header of amsthm
(mdframed)              on input line 2316.
Package mdframed Info: mdframed works in twoside mode on input line 2324.
Package mdframed Info: mdframed detected package amsthm 
 changed the theorem header of amsthm
(mdframed)              on input line 2324.
Package mdframed Info: mdframed works in twoside mode on input line 2328.
Package mdframed Info: mdframed detected package amsthm 
 changed the theorem header of amsthm
(mdframed)              on input line 2328.
Package mdframed Info: mdframed works in twoside mode on input line 2337.
Package mdframed Info: mdframed detected package amsthm 
 changed the theorem header of amsthm
(mdframed)              on input line 2337.
Package mdframed Info: mdframed works in twoside mode on input line 2348.
Package mdframed Info: mdframed detected package amsthm 
 changed the theorem header of amsthm
(mdframed)              on input line 2348.
Package mdframed Info: mdframed works in twoside mode on input line 2352.
Package mdframed Info: mdframed detected package amsthm 
 changed the theorem header of amsthm
(mdframed)              on input line 2352.
Package mdframed Info: mdframed works in twoside mode on input line 2362.
Package mdframed Info: mdframed detected package amsthm 
 changed the theorem header of amsthm
(mdframed)              on input line 2362.
Package mdframed Info: mdframed works in twoside mode on input line 2371.
Package mdframed Info: mdframed detected package amsthm 
 changed the theorem header of amsthm
(mdframed)              on input line 2371.
 [93]
Package mdframed Info: mdframed works in twoside mode on input line 2392.
Package mdframed Info: mdframed detected package amsthm 
 changed the theorem header of amsthm
(mdframed)              on input line 2392.
Package mdframed Info: mdframed works in twoside mode on input line 2399.
Package mdframed Info: mdframed detected package amsthm 
 changed the theorem header of amsthm
(mdframed)              on input line 2399.
Package mdframed Info: mdframed works in twoside mode on input line 2409.
Package mdframed Info: mdframed detected package amsthm 
 changed the theorem header of amsthm
(mdframed)              on input line 2409.
Package mdframed Info: mdframed works in twoside mode on input line 2420.
Package mdframed Info: mdframed detected package amsthm 
 changed the theorem header of amsthm
(mdframed)              on input line 2420.
Package mdframed Info: mdframed works in twoside mode on input line 2432.
Package mdframed Info: mdframed detected package amsthm 
 changed the theorem header of amsthm
(mdframed)              on input line 2432.
Package mdframed Info: mdframed works in twoside mode on input line 2440.
Package mdframed Info: mdframed detected package amsthm 
 changed the theorem header of amsthm
(mdframed)              on input line 2440.
Package mdframed Info: mdframed works in twoside mode on input line 2450.
Package mdframed Info: mdframed detected package amsthm 
 changed the theorem header of amsthm
(mdframed)              on input line 2450.
 [94]
Package mdframed Info: mdframed works in twoside mode on input line 2464.
Package mdframed Info: mdframed detected package amsthm 
 changed the theorem header of amsthm
(mdframed)              on input line 2464.
Package mdframed Info: mdframed works in twoside mode on input line 2480.
Package mdframed Info: mdframed detected package amsthm 
 changed the theorem header of amsthm
(mdframed)              on input line 2480.
Package mdframed Info: mdframed works in twoside mode on input line 2496.
Package mdframed Info: mdframed detected package amsthm 
 changed the theorem header of amsthm
(mdframed)              on input line 2496.
Package mdframed Info: mdframed works in twoside mode on input line 2511.
Package mdframed Info: mdframed detected package amsthm 
 changed the theorem header of amsthm
(mdframed)              on input line 2511.
Package mdframed Info: mdframed works in twoside mode on input line 2527.
Package mdframed Info: mdframed detected package amsthm 
 changed the theorem header of amsthm
(mdframed)              on input line 2527.
Package mdframed Info: mdframed works in twoside mode on input line 2532.
Package mdframed Info: mdframed detected package amsthm 
 changed the theorem header of amsthm
(mdframed)              on input line 2532.
 [95]
Package mdframed Info: Not enough space on this page on input line 2543.
Package mdframed Info: mdframed works in twoside mode on input line 2545.
Package mdframed Info: mdframed detected package amsthm 
 changed the theorem header of amsthm
(mdframed)              on input line 2545.
Package mdframed Info: mdframed works in twoside mode on input line 2555.
Package mdframed Info: mdframed detected package amsthm 
 changed the theorem header of amsthm
(mdframed)              on input line 2555.
Package mdframed Info: mdframed works in twoside mode on input line 2572.
Package mdframed Info: mdframed detected package amsthm 
 changed the theorem header of amsthm
(mdframed)              on input line 2572.
Package mdframed Info: mdframed works in twoside mode on input line 2595.
Package mdframed Info: mdframed detected package amsthm 
 changed the theorem header of amsthm
(mdframed)              on input line 2595.
Package mdframed Info: mdframed works in twoside mode on input line 2599.
Package mdframed Info: mdframed detected package amsthm 
 changed the theorem header of amsthm
(mdframed)              on input line 2599.
Package mdframed Info: mdframed works in twoside mode on input line 2603.
Package mdframed Info: mdframed detected package amsthm 
 changed the theorem header of amsthm
(mdframed)              on input line 2603.
Package mdframed Info: mdframed works in twoside mode on input line 2611.
Package mdframed Info: mdframed detected package amsthm 
 changed the theorem header of amsthm
(mdframed)              on input line 2611.
 [96]
Package mdframed Info: Not enough space on this page on input line 2644.
 [97]
Package mdframed Info: mdframed works in twoside mode on input line 2697.
Package mdframed Info: mdframed detected package amsthm 
 changed the theorem header of amsthm
(mdframed)              on input line 2697.
Package mdframed Info: mdframed works in twoside mode on input line 2710.
Package mdframed Info: mdframed detected package amsthm 
 changed the theorem header of amsthm
(mdframed)              on input line 2710.

Underfull \vbox (badness 10000) has occurred while \output is active []

 [98]
[99] [100] [101] [102]
Package mdframed Info: mdframed works in twoside mode on input line 3091.
Package mdframed Info: mdframed detected package amsthm 
 changed the theorem header of amsthm
(mdframed)              on input line 3091.
Package mdframed Info: mdframed works in twoside mode on input line 3146.
Package mdframed Info: mdframed detected package amsthm 
 changed the theorem header of amsthm
(mdframed)              on input line 3146.
 [103]
Package mdframed Info: mdframed works in twoside mode on input line 3162.
Package mdframed Info: mdframed detected package amsthm 
 changed the theorem header of amsthm
(mdframed)              on input line 3162.
Package mdframed Info: mdframed works in twoside mode on input line 3193.
Package mdframed Info: mdframed detected package amsthm 
 changed the theorem header of amsthm
(mdframed)              on input line 3193.
Package mdframed Info: mdframed works in twoside mode on input line 3201.
Package mdframed Info: mdframed detected package amsthm 
 changed the theorem header of amsthm
(mdframed)              on input line 3201.
Package mdframed Info: mdframed works in twoside mode on input line 3209.
Package mdframed Info: mdframed detected package amsthm 
 changed the theorem header of amsthm
(mdframed)              on input line 3209.
Package mdframed Info: mdframed works in twoside mode on input line 3222.
Package mdframed Info: mdframed detected package amsthm 
 changed the theorem header of amsthm
(mdframed)              on input line 3222.
) [104]
\openout2 = `tex/chapter04.aux'.

 (./tex/chapter04.tex
第4章
[105




]
Underfull \hbox (badness 1460) in paragraph at lines 64--65
[]\TU/TeXGyreTermesX(0)/m/n/12.045 2) \TU/SourceHanSerifCN(0)/m/n/12.045 从 上 面 
的 三 个 极 限 定 义 可 以 看 出\TU/TeXGyreTermesX(0)/m/n/12.045 , \TU/SourceHanSerifCN(0)
/m/n/12.045 极 限 $[][] \OML/ntxmi/m/it/12.045 f\LMS/ntxsy/m/n/12.045 ¹\OML/ntxmi
/m/it/12.045 x\LMS/ntxsy/m/n/12.045 º \U/ntxmia/m/it/12.045 = \OML/ntxmi/m/it/1
2.045 A$
 []

File: figure//_page_135_Figure_9.jpeg Graphic file (type bmp)
<figure//_page_135_Figure_9.jpeg>
[106]
Package mdframed Info: mdframed works in twoside mode on input line 90.
Package mdframed Info: mdframed detected package amsthm 
 changed the theorem header of amsthm
(mdframed)              on input line 90.
File: figure//_page_136_Figure_5.jpeg Graphic file (type bmp)
<figure//_page_136_Figure_5.jpeg>
 [107]
Package mdframed Info: mdframed works in twoside mode on input line 112.
Package mdframed Info: mdframed detected package amsthm 
 changed the theorem header of amsthm
(mdframed)              on input line 112.
Package mdframed Info: Not enough space on this page on input line 116.
File: figure//_page_137_Figure_0.jpeg Graphic file (type bmp)
<figure//_page_137_Figure_0.jpeg>
Package mdframed Info: mdframed works in twoside mode on input line 130.
Package mdframed Info: mdframed detected package amsthm 
 changed the theorem header of amsthm
(mdframed)              on input line 130.
 [108]
File: figure//_page_138_Picture_0.jpeg Graphic file (type bmp)
<figure//_page_138_Picture_0.jpeg>
 [109] [110]
Package mdframed Info: mdframed works in twoside mode on input line 208.
Package mdframed Info: mdframed detected package amsthm 
 changed the theorem header of amsthm
(mdframed)              on input line 208.
Package mdframed Info: Not enough space on this page on input line 212.
Package mdframed Info: mdframed works in twoside mode on input line 238.
Package mdframed Info: mdframed detected package amsthm 
 changed the theorem header of amsthm
(mdframed)              on input line 238.
Package mdframed Info: mdframed works in twoside mode on input line 244.
Package mdframed Info: mdframed detected package amsthm 
 changed the theorem header of amsthm
(mdframed)              on input line 244.
 [111] [112]
Package mdframed Info: mdframed works in twoside mode on input line 347.
Package mdframed Info: mdframed detected package amsthm 
 changed the theorem header of amsthm
(mdframed)              on input line 347.
 [113] [114] [115] [116] [117]
[118] [119] [120] [121] [122] [123] [124]
Package mdframed Info: mdframed works in twoside mode on input line 711.
Package mdframed Info: mdframed detected package amsthm 
 changed the theorem header of amsthm
(mdframed)              on input line 711.
Package mdframed Info: Not enough space on this page on input line 715.
Package mdframed Info: mdframed works in twoside mode on input line 731.
Package mdframed Info: mdframed detected package amsthm 
 changed the theorem header of amsthm
(mdframed)              on input line 731.
 [125]
Package mdframed Info: mdframed works in twoside mode on input line 751.
Package mdframed Info: mdframed detected package amsthm 
 changed the theorem header of amsthm
(mdframed)              on input line 751.
Package mdframed Info: mdframed works in twoside mode on input line 779.
Package mdframed Info: mdframed detected package amsthm 
 changed the theorem header of amsthm
(mdframed)              on input line 779.

Underfull \hbox (badness 1360) in paragraph at lines 867--868
[]\TU/KaiTi(0)/m/n/12.045 设 \TU/TeXGyreTermesX(0)/m/n/12.045 [a, b] \TU/KaiTi(0
)/m/n/12.045 是 任 一 有 限 闭 区 间\TU/TeXGyreTermesX(0)/m/n/12.045 . \TU/KaiTi(0)/m/n
/12.045 假 设 $\LMS/ntxsy/m/n/12.045 8\OML/ntxmi/m/it/12.045 x[] \LMS/ntxsy/m/n/1
2.045 2 »\OML/ntxmi/m/it/12.045 a; b\LMS/ntxsy/m/n/12.045 ¼$ \TU/TeXGyreTermesX
(0)/m/n/12.045 , \TU/KaiTi(0)/m/n/12.045 极 限
 []

[126] [127] [128] [129]
Package mdframed Info: mdframed works in twoside mode on input line 1025.
Package mdframed Info: mdframed detected package amsthm 
 changed the theorem header of amsthm
(mdframed)              on input line 1025.
 [130]
Package mdframed Info: mdframed works in twoside mode on input line 1061.
Package mdframed Info: mdframed detected package amsthm 
 changed the theorem header of amsthm
(mdframed)              on input line 1061.
File: figure//_page_149_Figure_0.jpeg Graphic file (type bmp)
<figure//_page_149_Figure_0.jpeg>
File: figure//_page_149_Figure_8.jpeg Graphic file (type bmp)
<figure//_page_149_Figure_8.jpeg>
 [131] [132] [133] [134]
Package mdframed Info: mdframed works in twoside mode on input line 1210.
Package mdframed Info: mdframed detected package amsthm 
 changed the theorem header of amsthm
(mdframed)              on input line 1210.
File: figure//_page_152_Picture_1.jpeg Graphic file (type bmp)
<figure//_page_152_Picture_1.jpeg>
 [135] [136] [137]
Package mdframed Info: mdframed works in twoside mode on input line 1320.
Package mdframed Info: mdframed detected package amsthm 
 changed the theorem header of amsthm
(mdframed)              on input line 1320.
Package mdframed Info: Not enough space on this page on input line 1324.
Package mdframed Info: mdframed works in twoside mode on input line 1336.
Package mdframed Info: mdframed detected package amsthm 
 changed the theorem header of amsthm
(mdframed)              on input line 1336.

[138]
Package mdframed Info: mdframed works in twoside mode on input line 1356.
Package mdframed Info: mdframed detected package amsthm 
 changed the theorem header of amsthm
(mdframed)              on input line 1356.
Package mdframed Info: mdframed works in twoside mode on input line 1378.
Package mdframed Info: mdframed detected package amsthm 
 changed the theorem header of amsthm
(mdframed)              on input line 1378.
 [139] [140] [141]
Package mdframed Info: mdframed works in twoside mode on input line 1537.
Package mdframed Info: mdframed detected package amsthm 
 changed the theorem header of amsthm
(mdframed)              on input line 1537.
Package mdframed Info: Not enough space on this page on input line 1541.
 [142] [143]
Package mdframed Info: mdframed works in twoside mode on input line 1638.
Package mdframed Info: mdframed detected package amsthm 
 changed the theorem header of amsthm
(mdframed)              on input line 1638.
Package mdframed Info: mdframed works in twoside mode on input line 1650.
Package mdframed Info: mdframed detected package amsthm 
 changed the theorem header of amsthm
(mdframed)              on input line 1650.
 [144]
Underfull \hbox (badness 10000) in paragraph at lines 1674--1675

 []

[145]
Package mdframed Info: mdframed works in twoside mode on input line 1724.
Package mdframed Info: mdframed detected package amsthm 
 changed the theorem header of amsthm
(mdframed)              on input line 1724.
Package mdframed Info: mdframed works in twoside mode on input line 1742.
Package mdframed Info: mdframed detected package amsthm 
 changed the theorem header of amsthm
(mdframed)              on input line 1742.
 [146]
Package mdframed Info: mdframed works in twoside mode on input line 1756.
Package mdframed Info: mdframed detected package amsthm 
 changed the theorem header of amsthm
(mdframed)              on input line 1756.
Package mdframed Info: mdframed works in twoside mode on input line 1776.
Package mdframed Info: mdframed detected package amsthm 
 changed the theorem header of amsthm
(mdframed)              on input line 1776.
 [147]
Underfull \vbox (badness 7273) has occurred while \output is active []

 [148]
Requested font "[lmsans8-regular]:mapping=tex-text;" at 8.0pt
 -> d:/texlive/2023/texmf-dist/fonts/opentype/public/lm/lmsans8-regular.otf
Requested font "[lmsans8-regular]:mapping=tex-text;" at 6.0pt
 -> d:/texlive/2023/texmf-dist/fonts/opentype/public/lm/lmsans8-regular.otf

[149]
Package mdframed Info: mdframed works in twoside mode on input line 1903.
Package mdframed Info: mdframed detected package amsthm 
 changed the theorem header of amsthm
(mdframed)              on input line 1903.
Package mdframed Info: Not enough space on this page on input line 1907.
Package mdframed Info: mdframed works in twoside mode on input line 1919.
Package mdframed Info: mdframed detected package amsthm 
 changed the theorem header of amsthm
(mdframed)              on input line 1919.
 [150]
Package mdframed Info: mdframed works in twoside mode on input line 1939.
Package mdframed Info: mdframed detected package amsthm 
 changed the theorem header of amsthm
(mdframed)              on input line 1939.
Package mdframed Info: Not enough space on this page on input line 1943.
Package mdframed Info: mdframed works in twoside mode on input line 1985.
Package mdframed Info: mdframed detected package amsthm 
 changed the theorem header of amsthm
(mdframed)              on input line 1985.
 [151] [152]
Package mdframed Info: mdframed works in twoside mode on input line 2064.
Package mdframed Info: mdframed detected package amsthm 
 changed the theorem header of amsthm
(mdframed)              on input line 2064.
Package mdframed Info: Not enough space on this page on input line 2068.
Package mdframed Info: mdframed works in twoside mode on input line 2082.
Package mdframed Info: mdframed detected package amsthm 
 changed the theorem header of amsthm
(mdframed)              on input line 2082.
 [153] [154] [155]
Package mdframed Info: mdframed works in twoside mode on input line 2382.
Package mdframed Info: mdframed detected package amsthm 
 changed the theorem header of amsthm
(mdframed)              on input line 2382.
 [156]
Package mdframed Info: mdframed works in twoside mode on input line 2406.
Package mdframed Info: mdframed detected package amsthm 
 changed the theorem header of amsthm
(mdframed)              on input line 2406.
 [157] [158]
Package mdframed Info: mdframed works in twoside mode on input line 2498.
Package mdframed Info: mdframed detected package amsthm 
 changed the theorem header of amsthm
(mdframed)              on input line 2498.
Package mdframed Info: Not enough space on this page on input line 2502.
Package mdframed Info: mdframed works in twoside mode on input line 2510.
Package mdframed Info: mdframed detected package amsthm 
 changed the theorem header of amsthm
(mdframed)              on input line 2510.
Package mdframed Info: mdframed works in twoside mode on input line 2518.
Package mdframed Info: mdframed detected package amsthm 
 changed the theorem header of amsthm
(mdframed)              on input line 2518.
Package mdframed Info: mdframed works in twoside mode on input line 2528.
Package mdframed Info: mdframed detected package amsthm 
 changed the theorem header of amsthm
(mdframed)              on input line 2528.
 [159]
Package mdframed Info: mdframed works in twoside mode on input line 2563.
Package mdframed Info: mdframed detected package amsthm 
 changed the theorem header of amsthm
(mdframed)              on input line 2563.
Package mdframed Info: mdframed works in twoside mode on input line 2573.
Package mdframed Info: mdframed detected package amsthm 
 changed the theorem header of amsthm
(mdframed)              on input line 2573.
 [160]
[161]
Package mdframed Info: mdframed works in twoside mode on input line 2706.
Package mdframed Info: mdframed detected package amsthm 
 changed the theorem header of amsthm
(mdframed)              on input line 2706.
Package mdframed Info: mdframed works in twoside mode on input line 2716.
Package mdframed Info: mdframed detected package amsthm 
 changed the theorem header of amsthm
(mdframed)              on input line 2716.
 [162] [163] [164]
Package mdframed Info: mdframed works in twoside mode on input line 3008.
Package mdframed Info: mdframed detected package amsthm 
 changed the theorem header of amsthm
(mdframed)              on input line 3008.
 [165]
Package mdframed Info: mdframed works in twoside mode on input line 3014.
Package mdframed Info: mdframed detected package amsthm 
 changed the theorem header of amsthm
(mdframed)              on input line 3014.
Package mdframed Info: Not enough space on this page on input line 3018.
Package mdframed Info: mdframed works in twoside mode on input line 3024.
Package mdframed Info: mdframed detected package amsthm 
 changed the theorem header of amsthm
(mdframed)              on input line 3024.
 [166]
Package mdframed Info: mdframed works in twoside mode on input line 3082.
Package mdframed Info: mdframed detected package amsthm 
 changed the theorem header of amsthm
(mdframed)              on input line 3082.
 [167] [168]
File: figure//_page_185_Figure_2.jpeg Graphic file (type bmp)
<figure//_page_185_Figure_2.jpeg>
 [169]
Package mdframed Info: mdframed works in twoside mode on input line 3217.
Package mdframed Info: mdframed detected package amsthm 
 changed the theorem header of amsthm
(mdframed)              on input line 3217.
Package mdframed Info: Not enough space on this page on input line 3221.
Package mdframed Info: mdframed works in twoside mode on input line 3250.
Package mdframed Info: mdframed detected package amsthm 
 changed the theorem header of amsthm
(mdframed)              on input line 3250.
 [170] [171]
Package mdframed Info: mdframed works in twoside mode on input line 3338.
Package mdframed Info: mdframed detected package amsthm 
 changed the theorem header of amsthm
(mdframed)              on input line 3338.
 [172]
Package mdframed Info: mdframed works in twoside mode on input line 3378.
Package mdframed Info: mdframed detected package amsthm 
 changed the theorem header of amsthm
(mdframed)              on input line 3378.

[173]
Package mdframed Info: mdframed works in twoside mode on input line 3394.
Package mdframed Info: mdframed detected package amsthm 
 changed the theorem header of amsthm
(mdframed)              on input line 3394.

Missing character: There is no ・ (U+30FB) in font KaiTi/OT:script=hani;language
=dflt;!

Underfull \hbox (badness 3623) in paragraph at lines 3663--3664
[]\TU/KaiTi(0)/m/n/12.045 设 函 数 $\OML/ntxmi/m/it/12.045 f \OT1/minntx/m/n/12.04
5 : \LMS/ntxsy/m/n/12.045 »\OML/ntxmi/m/it/12.045 a; \LMS/ntxsy/m/n/12.045 Ï1»[
][]! \OML/ntxmi/m/it/12.045 R$ \TU/KaiTi(0)/m/n/12.045 在 $\LMS/ntxsy/m/n/12.045
 »\OML/ntxmi/m/it/12.045 a; \LMS/ntxsy/m/n/12.045 Ï1»$ \TU/KaiTi(0)/m/n/12.045 
上 连 续\TU/TeXGyreTermesX(0)/m/n/12.045 , \TU/KaiTi(0)/m/n/12.045 并 且
 []

[174] [175] [176] [177]
File: figure//_page_194_Figure_3.jpeg Graphic file (type bmp)
<figure//_page_194_Figure_3.jpeg>
 [178]
File: figure//_page_195_Figure_0.jpeg Graphic file (type bmp)
<figure//_page_195_Figure_0.jpeg>
File: figure//_page_195_Figure_4.jpeg Graphic file (type bmp)
<figure//_page_195_Figure_4.jpeg>

Underfull \vbox (badness 10000) has occurred while \output is active []

 [179]
File: figure//_page_196_Figure_3.jpeg Graphic file (type bmp)
<figure//_page_196_Figure_3.jpeg>
File: figure//_page_196_Figure_7.jpeg Graphic file (type bmp)
<figure//_page_196_Figure_7.jpeg>

[180]
File: figure//_page_196_Figure_8.jpeg Graphic file (type bmp)
<figure//_page_196_Figure_8.jpeg>

Underfull \vbox (badness 10000) has occurred while \output is active []

 [181]
Package mdframed Info: mdframed works in twoside mode on input line 3920.
Package mdframed Info: mdframed detected package amsthm 
 changed the theorem header of amsthm
(mdframed)              on input line 3920.

[182]) [183]
\openout2 = `tex/chapter05.aux'.

 (./tex/chapter05.tex [184




]
第5章
Package mdframed Info: mdframed works in twoside mode on input line 22.
Package mdframed Info: mdframed detected package amsthm 
 changed the theorem header of amsthm
(mdframed)              on input line 22.
[185]
Package mdframed Info: mdframed works in twoside mode on input line 30.
Package mdframed Info: mdframed detected package amsthm 
 changed the theorem header of amsthm
(mdframed)              on input line 30.
Package mdframed Info: Not enough space on this page on input line 34.
Package mdframed Info: mdframed works in twoside mode on input line 56.
Package mdframed Info: mdframed detected package amsthm 
 changed the theorem header of amsthm
(mdframed)              on input line 56.
File: figure//_page_199_Figure_6.jpeg Graphic file (type bmp)
<figure//_page_199_Figure_6.jpeg>

Underfull \hbox (badness 5622) in paragraph at lines 66--67
[]\TU/SourceHanSerifCN(0)/m/n/12.045 附 注 适 合 于 阶 梯 函 数 \TU/TeXGyreTermesX(0)/m/
n/12.045 f \TU/SourceHanSerifCN(0)/m/n/12.045 的 二 元 组 $\LMS/ntxsy/m/n/12.045 »\
OML/ntxmi/m/it/12.045 ^^[; ^^X\LMS/ntxsy/m/n/12.045 ¼$ \TU/SourceHanSerifCN(0)/
m/n/12.045 不 是 唯 一 的\TU/TeXGyreTermesX(0)/m/n/12.045 . \TU/SourceHanSerifCN(0)/
m/n/12.045 例 如
 []


Underfull \hbox (badness 2065) in paragraph at lines 66--67
\TU/SourceHanSerifCN(0)/m/n/12.045 若 $\LMS/ntxsy/m/n/12.045 »\OML/ntxmi/m/it/12
.045 ^^[; ^^X\LMS/ntxsy/m/n/12.045 ¼ \U/ntxmia/m/it/12.045 = \LMS/ntxsy/m/n/12.
045 »\OML/ntxmi/m/it/12.045 a[]; a[]; []  ; a[]\OT1/minntx/m/n/12.045 ;  \OML/n
txmi/m/it/12.045 c[]; c[]; []  ; c[]\LMS/ntxsy/m/n/12.045 ¼$ \TU/SourceHanSerif
CN(0)/m/n/12.045 适 合 于 阶 梯 函 数 \TU/TeXGyreTermesX(0)/m/n/12.045 f, \TU/SourceHa
nSerifCN(0)/m/n/12.045 则
 []


Underfull \hbox (badness 4634) in paragraph at lines 66--67
\TU/SourceHanSerifCN(0)/m/n/12.045 在 $\LMS/ntxsy/m/n/12.045 ¼\OML/ntxmi/m/it/12
.045 a[]; a[]$ \TU/TeXGyreTermesX(0)/m/n/12.045 [\TU/SourceHanSerifCN(0)/m/n/12
.045 上 任 意 加 入 一 个 分 点 $[]$ 后\TU/TeXGyreTermesX(0)/m/n/12.045 , \TU/SourceHanSe
rifCN(0)/m/n/12.045 我 们 得 到 \TU/TeXGyreTermesX(0)/m/n/12.045 [a,b] \TU/SourceHa
nSerifCN(0)/m/n/12.045 的 另 一
 []


Underfull \hbox (badness 4291) in paragraph at lines 66--67
\TU/SourceHanSerifCN(0)/m/n/12.045 个 分 割 $\OML/ntxmi/m/it/12.045 ^^[[] \U/ntxmi
a/m/it/12.045 = \LMS/ntxsy/m/n/12.045 ¹\OML/ntxmi/m/it/12.045 a[]; a[]; []  ; a
[]; []; a[]; []  ; a[]\LMS/ntxsy/m/n/12.045 º$ \TU/SourceHanSerifCN(0)/m/n/12.0
45 及 另 一 个 向 量 $\OML/ntxmi/m/it/12.045 ^^X[] \U/ntxmia/m/it/12.045 =
 []

[186]
Underfull \hbox (badness 2261) in paragraph at lines 72--73
[]\TU/SourceHanSerifCN(0)/m/n/12.045 另 一 方 面\TU/TeXGyreTermesX(0)/m/n/12.045 , 
\TU/SourceHanSerifCN(0)/m/n/12.045 如 果 分 割 $\OML/ntxmi/m/it/12.045 ^^[ \U/ntxmi
a/m/it/12.045 = \LMS/ntxsy/m/n/12.045 ¹\OML/ntxmi/m/it/12.045 a[]; a[]; [] ; a[
]; [] ; a[]\LMS/ntxsy/m/n/12.045 º$ \TU/SourceHanSerifCN(0)/m/n/12.045 的 分 点 $\
OML/ntxmi/m/it/12.045 a[]$ \TU/SourceHanSerifCN(0)/m/n/12.045 满
 []


Underfull \hbox (badness 3838) in paragraph at lines 72--73
\TU/SourceHanSerifCN(0)/m/n/12.045 足 $\OML/ntxmi/m/it/12.045 c[] \U/ntxmia/m/it
/12.045 = \OML/ntxmi/m/it/12.045 c[] \U/ntxmia/m/it/12.045 = \OML/ntxmi/m/it/12
.045 f\LMS/ntxsy/m/n/12.045 ¹\OML/ntxmi/m/it/12.045 a[]\LMS/ntxsy/m/n/12.045 º$
 \TU/TeXGyreTermesX(0)/m/n/12.045 , \TU/SourceHanSerifCN(0)/m/n/12.045 则 删 去 $\
OML/ntxmi/m/it/12.045 ^^[$ \TU/SourceHanSerifCN(0)/m/n/12.045 的 分 点 $\OML/ntxmi
/m/it/12.045 a[]$ \TU/SourceHanSerifCN(0)/m/n/12.045 后 得 到 $\LMS/ntxsy/m/n/12.0
45 »\OML/ntxmi/m/it/12.045 a[]; b\LMS/ntxsy/m/n/12.045 ¼$
 []


Underfull \hbox (badness 1997) in paragraph at lines 72--73
\TU/SourceHanSerifCN(0)/m/n/12.045 的 另 一 分 割 $\OML/ntxmi/m/it/12.045 ^^[[] \U/n
txmia/m/it/12.045 = \LMS/ntxsy/m/n/12.045 ¹\OML/ntxmi/m/it/12.045 a[]; a[]; [] 
; a[]; a[]; [] ; a[]\LMS/ntxsy/m/n/12.045 º$ \TU/SourceHanSerifCN(0)/m/n/12.045
 及 另 一 向 量 $\OML/ntxmi/m/it/12.045 ^^X[] \U/ntxmia/m/it/12.045 =
 []


Underfull \hbox (badness 10000) in paragraph at lines 102--103
[]\TU/KaiTi(0)/m/n/12.045 设 $\OML/ntxmi/m/it/12.045 f \OT1/minntx/m/n/12.045 : 
\LMS/ntxsy/m/n/12.045 »\OML/ntxmi/m/it/12.045 a; b\LMS/ntxsy/m/n/12.045 ¼ [][]!
 \OT1/minntx/b/n/12.045 R$ \TU/KaiTi(0)/m/n/12.045 是 任 一 阶 梯 函 数\TU/TeXGyreTerm
esX(0)/m/n/12.045 ,$\LMS/ntxsy/m/n/12.045 »\OML/ntxmi/m/it/12.045 ^^[; ^^X\LMS/
ntxsy/m/n/12.045 ¼ \U/ntxmia/m/it/12.045 =
 []


Underfull \hbox (badness 10000) in paragraph at lines 102--103
\LMS/ntxsy/m/n/12.045 »\OML/ntxmi/m/it/12.045 a[]; a[]; [] ; a[]\OT1/minntx/m/n
/12.045 ;  \OML/ntxmi/m/it/12.045 c[]; c[]; [] ; c[]\LMS/ntxsy/m/n/12.045 ¼$ \T
U/KaiTi(0)/m/n/12.045 与 $\LMS/ntxsy/m/n/12.045 »\OML/ntxmi/m/it/12.045 ^^[[]; ^
^X[]\LMS/ntxsy/m/n/12.045 ¼ \U/ntxmia/m/it/12.045 =
 []

[187]
Underfull \hbox (badness 10000) in paragraph at lines 148--149
[]\TU/KaiTi(0)/m/n/12.045 设 $\OML/ntxmi/m/it/12.045 f \OT1/minntx/m/n/12.045 : 
\LMS/ntxsy/m/n/12.045 »\OML/ntxmi/m/it/12.045 a; b\LMS/ntxsy/m/n/12.045 ¼ [][]!
 \OT1/minntx/b/n/12.045 R$ \TU/KaiTi(0)/m/n/12.045 是 任 一 阶 梯 函 数\TU/TeXGyreTerm
esX(0)/m/n/12.045 ,$\LMS/ntxsy/m/n/12.045 »\OML/ntxmi/m/it/12.045 ^^[; ^^X\LMS/
ntxsy/m/n/12.045 ¼ \U/ntxmia/m/it/12.045 =
 []

[188]
Package mdframed Info: mdframed works in twoside mode on input line 158.
Package mdframed Info: mdframed detected package amsthm 
 changed the theorem header of amsthm
(mdframed)              on input line 158.
Package mdframed Info: mdframed works in twoside mode on input line 166.
Package mdframed Info: mdframed detected package amsthm 
 changed the theorem header of amsthm
(mdframed)              on input line 166.
File: figure//_page_202_Figure_5.jpeg Graphic file (type bmp)
<figure//_page_202_Figure_5.jpeg>

Underfull \vbox (badness 10000) has occurred while \output is active []

 [189]
[190] [191]
Underfull \hbox (badness 1616) in paragraph at lines 276--277
[]\TU/SourceHanSerifCN(0)/m/n/12.045 设 $\LMS/ntxsy/m/n/12.045 »\OML/ntxmi/m/it/
12.045 ^^[; ^^X\LMS/ntxsy/m/n/12.045 ¼ \U/ntxmia/m/it/12.045 = \LMS/ntxsy/m/n/1
2.045 »\OML/ntxmi/m/it/12.045 a[]; a[]; []  ; a[]\OT1/minntx/m/n/12.045 ; \OML/
ntxmi/m/it/12.045 c[]; c[]; []  ; c[]\LMS/ntxsy/m/n/12.045 ¼$ \TU/SourceHanSeri
fCN(0)/m/n/12.045 适 合 于 \TU/TeXGyreTermesX(0)/m/n/12.045 f. \TU/SourceHanSerifC
N(0)/m/n/12.045 令 $\OML/ntxmi/m/it/12.045 c \LMS/ntxsy/m/n/12.045 2
 []


Underfull \hbox (badness 1975) in paragraph at lines 302--303
\TU/SourceHanSerifCN(0)/m/n/12.045 及 相 应 向 量 $\OML/ntxmi/m/it/12.045 ^^X[] \U/n
txmia/m/it/12.045 = \LMS/ntxsy/m/n/12.045 »\OML/ntxmi/m/it/12.045 c[]; c[]; [] 
 ; c[]\LMS/ntxsy/m/n/12.045 ¼$ \TU/SourceHanSerifCN(0)/m/n/12.045 、| \TU/TeXGyr
eTermesX(0)/m/n/12.045 [c,b] \TU/SourceHanSerifCN(0)/m/n/12.045 的 一 个 分 割 $\OML
/ntxmi/m/it/12.045 ^^[[] \U/ntxmia/m/it/12.045 =
 []

[192] [193] [194]
File: figure//_page_207_Picture_1.jpeg Graphic file (type bmp)
<figure//_page_207_Picture_1.jpeg>
 [195]
Package mdframed Info: mdframed works in twoside mode on input line 458.
Package mdframed Info: mdframed detected package amsthm 
 changed the theorem header of amsthm
(mdframed)              on input line 458.
Package mdframed Info: mdframed works in twoside mode on input line 466.
Package mdframed Info: mdframed detected package amsthm 
 changed the theorem header of amsthm
(mdframed)              on input line 466.
 [196] [197] [198] [199] [200] [201] [202]

Package amsmath Warning: Foreign command \atop;
(amsmath)                \frac or \genfrac should be used instead
(amsmath)                 on input line 772.

[203]
File: figure//_page_217_Figure_4.jpeg Graphic file (type bmp)
<figure//_page_217_Figure_4.jpeg>

Underfull \vbox (badness 10000) has occurred while \output is active []

 [204]
[205]
Package mdframed Info: mdframed works in twoside mode on input line 900.
Package mdframed Info: mdframed detected package amsthm 
 changed the theorem header of amsthm
(mdframed)              on input line 900.
File: figure//_page_219_Figure_0.jpeg Graphic file (type bmp)
<figure//_page_219_Figure_0.jpeg>
 [206] [207] [208] [209] [210] [211] [212] [213]
Package mdframed Info: mdframed works in twoside mode on input line 1268.
Package mdframed Info: mdframed detected package amsthm 
 changed the theorem header of amsthm
(mdframed)              on input line 1268.
 [214] [215] [216]
Underfull \hbox (badness 1242) in paragraph at lines 1392--1393
[]\TU/SourceHanSerifCN(0)/m/n/12.045 我 们 用 $\OML/ntxmi/m/it/12.045 ^^9f\LMS/ntx
sy/m/n/12.045 »\OML/ntxmi/m/it/12.045 a; b\LMS/ntxsy/m/n/12.045 ¼$ \TU/SourceHa
nSerifCN(0)/m/n/12.045 表 示 所 有 定 义 在 \TU/TeXGyreTermesX(0)/m/n/12.045 [a, b] \T
U/SourceHanSerifCN(0)/m/n/12.045 上 的 可 积 复 值 函 数 的 集
 []

Package mdframed Info: mdframed works in twoside mode on input line 1415.
Package mdframed Info: mdframed detected package amsthm 
 changed the theorem header of amsthm
(mdframed)              on input line 1415.
[217] [218] [219] [220] [221] [222] [223] [224] [225] [226]
File: figure//_page_240_Figure_5.jpeg Graphic file (type bmp)
<figure//_page_240_Figure_5.jpeg>
 [227]
Package mdframed Info: mdframed works in twoside mode on input line 2086.
Package mdframed Info: mdframed detected package amsthm 
 changed the theorem header of amsthm
(mdframed)              on input line 2086.
 [228]
File: figure//_page_241_Figure_6.jpeg Graphic file (type bmp)
<figure//_page_241_Figure_6.jpeg>
File: figure//_page_241_Figure_7.jpeg Graphic file (type bmp)
<figure//_page_241_Figure_7.jpeg>

[229]
Package mdframed Info: mdframed works in twoside mode on input line 2120.
Package mdframed Info: mdframed detected package amsthm 
 changed the theorem header of amsthm
(mdframed)              on input line 2120.
Package mdframed Info: Not enough space on this page on input line 2124.
Package mdframed Info: mdframed works in twoside mode on input line 2144.
Package mdframed Info: mdframed detected package amsthm 
 changed the theorem header of amsthm
(mdframed)              on input line 2144.
 [230]
Package mdframed Info: mdframed works in twoside mode on input line 2162.
Package mdframed Info: mdframed detected package amsthm 
 changed the theorem header of amsthm
(mdframed)              on input line 2162.
Requested font "[lmsans8-regular]:mapping=tex-text;" at 6.2pt
 -> d:/texlive/2023/texmf-dist/fonts/opentype/public/lm/lmsans8-regular.otf
Requested font "[lmsans8-regular]:mapping=tex-text;" at 5.5pt
 -> d:/texlive/2023/texmf-dist/fonts/opentype/public/lm/lmsans8-regular.otf
Requested font "ntx-Bold-tlf-ot1" at 6.2pt
 -> d:/texlive/2023/texmf-dist/fonts/tfm/public/newtx/ntx-Bold-tlf-ot1.tfm
Requested font "ntx-Bold-tlf-ot1" at 5.5pt
 -> d:/texlive/2023/texmf-dist/fonts/tfm/public/newtx/ntx-Bold-tlf-ot1.tfm
Requested font "[lmsans8-regular]:mapping=tex-text;" at 6.5pt
 -> d:/texlive/2023/texmf-dist/fonts/opentype/public/lm/lmsans8-regular.otf
Requested font "ntx-Bold-tlf-ot1" at 6.5pt
 -> d:/texlive/2023/texmf-dist/fonts/tfm/public/newtx/ntx-Bold-tlf-ot1.tfm

Underfull \hbox (badness 2142) in paragraph at lines 2248--2250
[]\TU/TeXGyreTermesX(0)/m/n/12.045 2) \TU/KaiTi(0)/m/n/12.045 证 明\TU/TeXGyreTer
mesX(0)/m/n/12.045 : \TU/KaiTi(0)/m/n/12.045 若 $\OML/ntxmi/m/it/12.045 ^^[$ \TU
/TeXGyreTermesX(0)/m/n/12.045 ,$\OML/ntxmi/m/it/12.045 ^^[[] \LMS/ntxsy/m/n/12.
045 2 \OML/ntxmi/m/it/12.045 ^^8e$ \TU/KaiTi(0)/m/n/12.045 且 $\OML/ntxmi/m/it/1
2.045 ^^[ < ^^[[]$ \TU/TeXGyreTermesX(0)/m/n/12.045 , \TU/KaiTi(0)/m/n/12.045 则
 $\OML/ntxmi/m/it/12.045 D[]\LMS/ntxsy/m/n/12.045 ¹\OML/ntxmi/m/it/12.045 f; ^^
[\LMS/ntxsy/m/n/12.045 º \U/ntxsym/m/n/12.045 ¶
 []


Underfull \hbox (badness 2334) in paragraph at lines 2332--2333
[]\TU/KaiTi(0)/m/n/12.045 设 $\OML/ntxmi/m/it/12.045 ^^[ \U/ntxmia/m/it/12.045 =
 \LMS/ntxsy/m/n/12.045 ¹\OML/ntxmi/m/it/12.045 c[]; c[]; [] ; c[]\LMS/ntxsy/m/n
/12.045 º$ \TU/KaiTi(0)/m/n/12.045 是 \TU/TeXGyreTermesX(0)/m/n/12.045 [c, d] \T
U/KaiTi(0)/m/n/12.045 的 任 一 分 割\TU/TeXGyreTermesX(0)/m/n/12.045 ,$\OML/ntxmi/m/
it/12.045 ^^[[] \U/ntxmia/m/it/12.045 =
 []

[231] [232] [233]
Underfull \hbox (badness 2591) in paragraph at lines 2487--2488
[]\TU/TeXGyreTermesX(0)/m/n/12.045 log \TU/SourceHanSerifCN(0)/m/n/12.045 是 严 格
 单 调 上 升 的 连 续 函 数\TU/TeXGyreTermesX(0)/m/n/12.045 , \TU/SourceHanSerifCN(0)/m/
n/12.045 并 且 $[][] [] \OML/ntxmi/m/it/12.045 x \U/ntxmia/m/it/12.045 = \LMS/ntx
sy/m/n/12.045 ^^@1$
 []

[234] [235]
File: figure//_page_249_Figure_0.jpeg Graphic file (type bmp)
<figure//_page_249_Figure_0.jpeg>
File: figure//_page_249_Figure_1.jpeg Graphic file (type bmp)
<figure//_page_249_Figure_1.jpeg>

Underfull \vbox (badness 10000) has occurred while \output is active []

 [236]
[237]
File: figure//_page_250_Figure_5.jpeg Graphic file (type bmp)
<figure//_page_250_Figure_5.jpeg>
 [238] [239]
File: figure//_page_252_Figure_4.jpeg Graphic file (type bmp)
<figure//_page_252_Figure_4.jpeg>
 [240] [241]
File: figure//_page_253_Figure_11.jpeg Graphic file (type bmp)
<figure//_page_253_Figure_11.jpeg>
 [242]
File: figure//_page_255_Figure_0.jpeg Graphic file (type bmp)
<figure//_page_255_Figure_0.jpeg>
 [243] [244]
Underfull \hbox (badness 2409) in paragraph at lines 2951--2952
[]\TU/SourceHanSerifCN(0)/m/n/12.045 因 此 双 曲 正 弦 函 数 在 \TU/TeXGyreTermesX(0)/m/
n/12.045 R \TU/SourceHanSerifCN(0)/m/n/12.045 上 是 严 格 单 调 上 升 的\TU/TeXGyreTerme
sX(0)/m/n/12.045 . \TU/SourceHanSerifCN(0)/m/n/12.045 直 接 计 算 得 到
 []

[245]
File: figure//_page_258_Figure_5.jpeg Graphic file (type bmp)
<figure//_page_258_Figure_5.jpeg>

Underfull \vbox (badness 1038) has occurred while \output is active []

 [246]
Underfull \vbox (badness 1675) has occurred while \output is active []

 [247]
[248]
File: figure//_page_261_Figure_1.jpeg Graphic file (type bmp)
<figure//_page_261_Figure_1.jpeg>
 [249] [250]
Package mdframed Info: mdframed works in twoside mode on input line 3172.
Package mdframed Info: mdframed detected package amsthm 
 changed the theorem header of amsthm
(mdframed)              on input line 3172.
 [251] [252]
Package mdframed Info: mdframed works in twoside mode on input line 3232.
Package mdframed Info: mdframed detected package amsthm 
 changed the theorem header of amsthm
(mdframed)              on input line 3232.
Package mdframed Info: mdframed works in twoside mode on input line 3252.
Package mdframed Info: mdframed detected package amsthm 
 changed the theorem header of amsthm
(mdframed)              on input line 3252.
 [253]
Package mdframed Info: mdframed works in twoside mode on input line 3278.
Package mdframed Info: mdframed detected package amsthm 
 changed the theorem header of amsthm
(mdframed)              on input line 3278.
 [254]
Package mdframed Info: mdframed works in twoside mode on input line 3316.
Package mdframed Info: mdframed detected package amsthm 
 changed the theorem header of amsthm
(mdframed)              on input line 3316.
 [255] [256]) [257]
\openout2 = `tex/chapter06.aux'.


(./tex/chapter06.tex [258




]
第6章
[259]
File: figure//_page_270_Figure_1.jpeg Graphic file (type bmp)
<figure//_page_270_Figure_1.jpeg>

Underfull \vbox (badness 10000) has occurred while \output is active []

 [260]
File: figure//_page_270_Figure_4.jpeg Graphic file (type bmp)
<figure//_page_270_Figure_4.jpeg>
File: figure//_page_271_Figure_0.jpeg Graphic file (type bmp)
<figure//_page_271_Figure_0.jpeg>

[261] [262]
Package mdframed Info: mdframed works in twoside mode on input line 190.
Package mdframed Info: mdframed detected package amsthm 
 changed the theorem header of amsthm
(mdframed)              on input line 190.
 [263]
Package mdframed Info: mdframed works in twoside mode on input line 216.
Package mdframed Info: mdframed detected package amsthm 
 changed the theorem header of amsthm
(mdframed)              on input line 216.
Package mdframed Info: mdframed works in twoside mode on input line 238.
Package mdframed Info: mdframed detected package amsthm 
 changed the theorem header of amsthm
(mdframed)              on input line 238.
 [264]
Package mdframed Info: mdframed works in twoside mode on input line 264.
Package mdframed Info: mdframed detected package amsthm 
 changed the theorem header of amsthm
(mdframed)              on input line 264.
Package mdframed Info: mdframed works in twoside mode on input line 276.
Package mdframed Info: mdframed detected package amsthm 
 changed the theorem header of amsthm
(mdframed)              on input line 276.
File: figure//_page_275_Figure_1.jpeg Graphic file (type bmp)
<figure//_page_275_Figure_1.jpeg>

Underfull \vbox (badness 10000) has occurred while \output is active []

 [265]
Package mdframed Info: mdframed works in twoside mode on input line 318.
Package mdframed Info: mdframed detected package amsthm 
 changed the theorem header of amsthm
(mdframed)              on input line 318.

[266]
Package mdframed Info: mdframed works in twoside mode on input line 340.
Package mdframed Info: mdframed detected package amsthm 
 changed the theorem header of amsthm
(mdframed)              on input line 340.
 [267]
Package mdframed Info: mdframed works in twoside mode on input line 407.
Package mdframed Info: mdframed detected package amsthm 
 changed the theorem header of amsthm
(mdframed)              on input line 407.

Overfull \hbox (2.28624pt too wide) detected at line 427
[] [] \U/ntxmia/m/it/12.045 = \OML/ntxmi/m/it/12.045 n\LMS/ntxsy/m/n/12.045 ¹\O
ML/ntxmi/m/it/12.045 n \LMS/ntxsy/m/n/12.045 ^^@ \OT1/minntx/m/n/12.045 1\LMS/n
txsy/m/n/12.045 º [] ¹\OML/ntxmi/m/it/12.045 n \LMS/ntxsy/m/n/12.045 ^^@ \OML/n
txmi/m/it/12.045 k \LMS/ntxsy/m/n/12.045 Ï \OT1/minntx/m/n/12.045 1\LMS/ntxsy/m
/n/12.045 º []¹\OML/ntxmi/m/it/12.045 y[] \LMS/ntxsy/m/n/12.045 Ï \OML/ntxmi/m/
it/12.045 y[]x \LMS/ntxsy/m/n/12.045 Ï [] Ï \OML/ntxmi/m/it/12.045 x[]\LMS/ntxs
y/m/n/12.045 º
 []

[268]
Package mdframed Info: mdframed works in twoside mode on input line 487.
Package mdframed Info: mdframed detected package amsthm 
 changed the theorem header of amsthm
(mdframed)              on input line 487.
 [269] [270] [271] [272]
Package mdframed Info: mdframed works in twoside mode on input line 769.
Package mdframed Info: mdframed detected package amsthm 
 changed the theorem header of amsthm
(mdframed)              on input line 769.
 [273] [274] [275] [276] [277] [278] [279]
[280] [281]
Package mdframed Info: mdframed works in twoside mode on input line 1141.
Package mdframed Info: mdframed detected package amsthm 
 changed the theorem header of amsthm
(mdframed)              on input line 1141.
Package mdframed Info: mdframed works in twoside mode on input line 1159.
Package mdframed Info: mdframed detected package amsthm 
 changed the theorem header of amsthm
(mdframed)              on input line 1159.
 [282] [283]
Package mdframed Info: mdframed works in twoside mode on input line 1210.
Package mdframed Info: mdframed detected package amsthm 
 changed the theorem header of amsthm
(mdframed)              on input line 1210.
Package mdframed Info: Not enough space on this page on input line 1214.
Package mdframed Info: mdframed works in twoside mode on input line 1218.
Package mdframed Info: mdframed detected package amsthm 
 changed the theorem header of amsthm
(mdframed)              on input line 1218.
Package mdframed Info: mdframed works in twoside mode on input line 1242.
Package mdframed Info: mdframed detected package amsthm 
 changed the theorem header of amsthm
(mdframed)              on input line 1242.
 [284]
Package mdframed Info: mdframed works in twoside mode on input line 1273.
Package mdframed Info: mdframed detected package amsthm 
 changed the theorem header of amsthm
(mdframed)              on input line 1273.
Package mdframed Info: mdframed works in twoside mode on input line 1283.
Package mdframed Info: mdframed detected package amsthm 
 changed the theorem header of amsthm
(mdframed)              on input line 1283.
 [285]
Package mdframed Info: mdframed works in twoside mode on input line 1321.
Package mdframed Info: mdframed detected package amsthm 
 changed the theorem header of amsthm
(mdframed)              on input line 1321.
 [286]
Package mdframed Info: mdframed works in twoside mode on input line 1361.
Package mdframed Info: mdframed detected package amsthm 
 changed the theorem header of amsthm
(mdframed)              on input line 1361.
 [287] [288]
Underfull \vbox (badness 1199) has occurred while \output is active []

 [289]
[290]
Package mdframed Info: mdframed works in twoside mode on input line 1691.
Package mdframed Info: mdframed detected package amsthm 
 changed the theorem header of amsthm
(mdframed)              on input line 1691.
Package mdframed Info: Not enough space on this page on input line 1695.
File: figure//_page_299_Figure_10.jpeg Graphic file (type bmp)
<figure//_page_299_Figure_10.jpeg>
Package mdframed Info: mdframed works in twoside mode on input line 1701.
Package mdframed Info: mdframed detected package amsthm 
 changed the theorem header of amsthm
(mdframed)              on input line 1701.
Package mdframed Info: mdframed works in twoside mode on input line 1711.
Package mdframed Info: mdframed detected package amsthm 
 changed the theorem header of amsthm
(mdframed)              on input line 1711.
Package mdframed Info: mdframed works in twoside mode on input line 1719.
Package mdframed Info: mdframed detected package amsthm 
 changed the theorem header of amsthm
(mdframed)              on input line 1719.
File: figure//_page_300_Figure_8.jpeg Graphic file (type bmp)
<figure//_page_300_Figure_8.jpeg>

Underfull \vbox (badness 10000) has occurred while \output is active []

 [291]
File: figure//_page_301_Figure_1.jpeg Graphic file (type bmp)
<figure//_page_301_Figure_1.jpeg>

Underfull \vbox (badness 10000) has occurred while \output is active []

 [292]
File: figure//_page_302_Figure_1.jpeg Graphic file (type bmp)
<figure//_page_302_Figure_1.jpeg>

[293] [294] [295] [296]
Package mdframed Info: mdframed works in twoside mode on input line 1956.
Package mdframed Info: mdframed detected package amsthm 
 changed the theorem header of amsthm
(mdframed)              on input line 1956.
 [297] [298]
Underfull \vbox (badness 10000) has occurred while \output is active []

 [299]
Package mdframed Info: mdframed works in twoside mode on input line 2326.
Package mdframed Info: mdframed detected package amsthm 
 changed the theorem header of amsthm
(mdframed)              on input line 2326.

[300] [301]
Package mdframed Info: mdframed works in twoside mode on input line 2375.
Package mdframed Info: mdframed detected package amsthm 
 changed the theorem header of amsthm
(mdframed)              on input line 2375.
Package mdframed Info: Not enough space on this page on input line 2397.
Package mdframed Info: mdframed works in twoside mode on input line 2413.
Package mdframed Info: mdframed detected package amsthm 
 changed the theorem header of amsthm
(mdframed)              on input line 2413.
 [302]
Package mdframed Info: mdframed works in twoside mode on input line 2455.
Package mdframed Info: mdframed detected package amsthm 
 changed the theorem header of amsthm
(mdframed)              on input line 2455.
File: figure//_page_312_Picture_9.jpeg Graphic file (type bmp)
<figure//_page_312_Picture_9.jpeg>
File: figure//_page_312_Figure_11.jpeg Graphic file (type bmp)
<figure//_page_312_Figure_11.jpeg>
 [303] [304] [305]
Package mdframed Info: mdframed works in twoside mode on input line 2584.
Package mdframed Info: mdframed detected package amsthm 
 changed the theorem header of amsthm
(mdframed)              on input line 2584.
 [306] [307] [308] [309] [310] [311]
Package mdframed Info: mdframed works in twoside mode on input line 2829.
Package mdframed Info: mdframed detected package amsthm 
 changed the theorem header of amsthm
(mdframed)              on input line 2829.
File: figure//_page_321_Figure_11.jpeg Graphic file (type bmp)
<figure//_page_321_Figure_11.jpeg>

[312] [313]
Package mdframed Info: mdframed works in twoside mode on input line 2895.
Package mdframed Info: mdframed detected package amsthm 
 changed the theorem header of amsthm
(mdframed)              on input line 2895.
Package mdframed Info: Not enough space on this page on input line 2899.
File: figure//_page_323_Figure_0.jpeg Graphic file (type bmp)
<figure//_page_323_Figure_0.jpeg>
File: figure//_page_323_Figure_8.jpeg Graphic file (type bmp)
<figure//_page_323_Figure_8.jpeg>

Underfull \vbox (badness 10000) has occurred while \output is active []

 [314]
File: figure//_page_323_Figure_9.jpeg Graphic file (type bmp)
<figure//_page_323_Figure_9.jpeg>

Underfull \vbox (badness 10000) has occurred while \output is active []

 [315]
Package mdframed Info: mdframed works in twoside mode on input line 2947.
Package mdframed Info: mdframed detected package amsthm 
 changed the theorem header of amsthm
(mdframed)              on input line 2947.
File: figure//_page_324_Figure_4.jpeg Graphic file (type bmp)
<figure//_page_324_Figure_4.jpeg>

[316]
Package mdframed Info: mdframed works in twoside mode on input line 3024.
Package mdframed Info: mdframed detected package amsthm 
 changed the theorem header of amsthm
(mdframed)              on input line 3024.
 [317]
File: figure//_page_326_Figure_7.jpeg Graphic file (type bmp)
<figure//_page_326_Figure_7.jpeg>
 [318] [319] [320]
Package mdframed Info: mdframed works in twoside mode on input line 3153.
Package mdframed Info: mdframed detected package amsthm 
 changed the theorem header of amsthm
(mdframed)              on input line 3153.
Package mdframed Info: mdframed works in twoside mode on input line 3167.
Package mdframed Info: mdframed detected package amsthm 
 changed the theorem header of amsthm
(mdframed)              on input line 3167.
Package mdframed Info: mdframed works in twoside mode on input line 3185.
Package mdframed Info: mdframed detected package amsthm 
 changed the theorem header of amsthm
(mdframed)              on input line 3185.
 [321]
Package mdframed Info: mdframed works in twoside mode on input line 3207.
Package mdframed Info: mdframed detected package amsthm 
 changed the theorem header of amsthm
(mdframed)              on input line 3207.
Package mdframed Info: mdframed works in twoside mode on input line 3217.
Package mdframed Info: mdframed detected package amsthm 
 changed the theorem header of amsthm
(mdframed)              on input line 3217.
Package mdframed Info: mdframed works in twoside mode on input line 3233.
Package mdframed Info: mdframed detected package amsthm 
 changed the theorem header of amsthm
(mdframed)              on input line 3233.
File: figure//_page_335_Picture_5.jpeg Graphic file (type bmp)
<figure//_page_335_Picture_5.jpeg>
 [322] [323] [324] [325]) [326]
\openout2 = `tex/chapter07.aux'.


(./tex/chapter07.tex
第7章
[327




] [328] [329] [330] [331]
Package mdframed Info: mdframed works in twoside mode on input line 244.
Package mdframed Info: mdframed detected package amsthm 
 changed the theorem header of amsthm
(mdframed)              on input line 244.
 [332] [333] [334]
Package mdframed Info: mdframed works in twoside mode on input line 440.
Package mdframed Info: mdframed detected package amsthm 
 changed the theorem header of amsthm
(mdframed)              on input line 440.
 [335]
Package mdframed Info: mdframed works in twoside mode on input line 460.
Package mdframed Info: mdframed detected package amsthm 
 changed the theorem header of amsthm
(mdframed)              on input line 460.
Package mdframed Info: Not enough space on this page on input line 464.
 [336]
Underfull \hbox (badness 6808) in paragraph at lines 512--513
[]\TU/SourceHanSerifCN(0)/m/n/12.045 由 于 函 数 \TU/TeXGyreTermesX(0)/m/n/12.045 u
’v \TU/SourceHanSerifCN(0)/m/n/12.045 的 任 意 两 个 原 函 数 只 相 差 一 个 常 数\TU/TeXGyreT
ermesX(0)/m/n/12.045 , \TU/SourceHanSerifCN(0)/m/n/12.045 并 且
 []

Package mdframed Info: mdframed works in twoside mode on input line 554.
Package mdframed Info: mdframed detected package amsthm 
 changed the theorem header of amsthm
(mdframed)              on input line 554.
[337] [338]
Package mdframed Info: mdframed works in twoside mode on input line 596.
Package mdframed Info: mdframed detected package amsthm 
 changed the theorem header of amsthm
(mdframed)              on input line 596.
 [339] [340]
Underfull \vbox (badness 2012) has occurred while \output is active []

 [341]
[342]
Package mdframed Info: mdframed works in twoside mode on input line 762.
Package mdframed Info: mdframed detected package amsthm 
 changed the theorem header of amsthm
(mdframed)              on input line 762.
Package mdframed Info: Not enough space on this page on input line 766.
Package mdframed Info: mdframed works in twoside mode on input line 780.
Package mdframed Info: mdframed detected package amsthm 
 changed the theorem header of amsthm
(mdframed)              on input line 780.
 [343]
Package mdframed Info: mdframed works in twoside mode on input line 798.
Package mdframed Info: mdframed detected package amsthm 
 changed the theorem header of amsthm
(mdframed)              on input line 798.
Package mdframed Info: Not enough space on this page on input line 802.
 [344]
Package mdframed Info: mdframed works in twoside mode on input line 838.
Package mdframed Info: mdframed detected package amsthm 
 changed the theorem header of amsthm
(mdframed)              on input line 838.
 [345] [346]
Package mdframed Info: mdframed works in twoside mode on input line 906.
Package mdframed Info: mdframed detected package amsthm 
 changed the theorem header of amsthm
(mdframed)              on input line 906.
 [347] [348] [349]
Underfull \vbox (badness 1895) has occurred while \output is active []

 [350]
[351] [352] [353]
Package mdframed Info: mdframed works in twoside mode on input line 1362.
Package mdframed Info: mdframed detected package amsthm 
 changed the theorem header of amsthm
(mdframed)              on input line 1362.
 [354] [355] [356]
Package mdframed Info: mdframed works in twoside mode on input line 1450.
Package mdframed Info: mdframed detected package amsthm 
 changed the theorem header of amsthm
(mdframed)              on input line 1450.
 [357] [358] [359] [360]
Package mdframed Info: mdframed works in twoside mode on input line 1640.
Package mdframed Info: mdframed detected package amsthm 
 changed the theorem header of amsthm
(mdframed)              on input line 1640.
 [361]
Package mdframed Info: mdframed works in twoside mode on input line 1660.
Package mdframed Info: mdframed detected package amsthm 
 changed the theorem header of amsthm
(mdframed)              on input line 1660.
Package mdframed Info: Not enough space on this page on input line 1664.
 [362]
Package mdframed Info: mdframed works in twoside mode on input line 1706.
Package mdframed Info: mdframed detected package amsthm 
 changed the theorem header of amsthm
(mdframed)              on input line 1706.
Package mdframed Info: mdframed works in twoside mode on input line 1722.
Package mdframed Info: mdframed detected package amsthm 
 changed the theorem header of amsthm
(mdframed)              on input line 1722.

[363]
Package mdframed Info: mdframed works in twoside mode on input line 1760.
Package mdframed Info: mdframed detected package amsthm 
 changed the theorem header of amsthm
(mdframed)              on input line 1760.
 [364]
Package mdframed Info: mdframed works in twoside mode on input line 1784.
Package mdframed Info: mdframed detected package amsthm 
 changed the theorem header of amsthm
(mdframed)              on input line 1784.
 [365]
Package mdframed Info: mdframed works in twoside mode on input line 1824.
Package mdframed Info: mdframed detected package amsthm 
 changed the theorem header of amsthm
(mdframed)              on input line 1824.
 [366] [367]
File: figure//_page_378_Figure_9.jpeg Graphic file (type bmp)
<figure//_page_378_Figure_9.jpeg>

Underfull \vbox (badness 10000) has occurred while \output is active []

 [368]
[369]
Package mdframed Info: mdframed works in twoside mode on input line 1939.
Package mdframed Info: mdframed detected package amsthm 
 changed the theorem header of amsthm
(mdframed)              on input line 1939.
Package mdframed Info: Not enough space on this page on input line 1943.
 [370] [371] [372]
Package mdframed Info: mdframed works in twoside mode on input line 2055.
Package mdframed Info: mdframed detected package amsthm 
 changed the theorem header of amsthm
(mdframed)              on input line 2055.
 [373]
Package mdframed Info: mdframed works in twoside mode on input line 2087.
Package mdframed Info: mdframed detected package amsthm 
 changed the theorem header of amsthm
(mdframed)              on input line 2087.
Package mdframed Info: mdframed works in twoside mode on input line 2107.
Package mdframed Info: mdframed detected package amsthm 
 changed the theorem header of amsthm
(mdframed)              on input line 2107.
 [374] [375] [376] [377]) [378]
\openout2 = `tex/chapter08.aux'.


(./tex/chapter08.tex
第8章

Package hyperref Warning: Token not allowed in a PDF string (Unicode):
(hyperref)                removing `math shift' on input line 11.


Package hyperref Warning: Token not allowed in a PDF string (Unicode):
(hyperref)                removing `math shift' on input line 11.

[379




]
Package mdframed Info: mdframed works in twoside mode on input line 39.
Package mdframed Info: mdframed detected package amsthm 
 changed the theorem header of amsthm
(mdframed)              on input line 39.
 [380] [381] [382] [383]
Package mdframed Info: mdframed works in twoside mode on input line 256.
Package mdframed Info: mdframed detected package amsthm 
 changed the theorem header of amsthm
(mdframed)              on input line 256.
 [384] [385] [386]
Package mdframed Info: mdframed works in twoside mode on input line 420.
Package mdframed Info: mdframed detected package amsthm 
 changed the theorem header of amsthm
(mdframed)              on input line 420.
 [387]
Package mdframed Info: mdframed works in twoside mode on input line 455.
Package mdframed Info: mdframed detected package amsthm 
 changed the theorem header of amsthm
(mdframed)              on input line 455.
Package mdframed Info: mdframed works in twoside mode on input line 473.
Package mdframed Info: mdframed detected package amsthm 
 changed the theorem header of amsthm
(mdframed)              on input line 473.
 [388] [389] [390]
[391] [392] [393] [394] [395] [396] [397]
Package mdframed Info: mdframed works in twoside mode on input line 1036.
Package mdframed Info: mdframed detected package amsthm 
 changed the theorem header of amsthm
(mdframed)              on input line 1036.
 [398] [399] [400]
Package mdframed Info: mdframed works in twoside mode on input line 1204.
Package mdframed Info: mdframed detected package amsthm 
 changed the theorem header of amsthm
(mdframed)              on input line 1204.
Package mdframed Info: Not enough space on this page on input line 1208.
Package mdframed Info: mdframed works in twoside mode on input line 1220.
Package mdframed Info: mdframed detected package amsthm 
 changed the theorem header of amsthm
(mdframed)              on input line 1220.
Package mdframed Info: mdframed works in twoside mode on input line 1234.
Package mdframed Info: mdframed detected package amsthm 
 changed the theorem header of amsthm
(mdframed)              on input line 1234.
 [401]
Package mdframed Info: mdframed works in twoside mode on input line 1262.
Package mdframed Info: mdframed detected package amsthm 
 changed the theorem header of amsthm
(mdframed)              on input line 1262.
 [402]
Package mdframed Info: mdframed works in twoside mode on input line 1320.
Package mdframed Info: mdframed detected package amsthm 
 changed the theorem header of amsthm
(mdframed)              on input line 1320.

[403] [404]
Package mdframed Info: mdframed works in twoside mode on input line 1399.
Package mdframed Info: mdframed detected package amsthm 
 changed the theorem header of amsthm
(mdframed)              on input line 1399.
 [405] [406]
Package mdframed Info: mdframed works in twoside mode on input line 1461.
Package mdframed Info: mdframed detected package amsthm 
 changed the theorem header of amsthm
(mdframed)              on input line 1461.
 [407]
Package mdframed Info: mdframed works in twoside mode on input line 1543.
Package mdframed Info: mdframed detected package amsthm 
 changed the theorem header of amsthm
(mdframed)              on input line 1543.

Underfull \hbox (badness 10000) in paragraph at lines 1549--1550

 []

[408] [409]
Package mdframed Info: mdframed works in twoside mode on input line 1609.
Package mdframed Info: mdframed detected package amsthm 
 changed the theorem header of amsthm
(mdframed)              on input line 1609.
 [410]
Package mdframed Info: mdframed works in twoside mode on input line 1643.
Package mdframed Info: mdframed detected package amsthm 
 changed the theorem header of amsthm
(mdframed)              on input line 1643.
 [411]
Underfull \hbox (badness 10000) in paragraph at lines 1687--1688

 []

[412]
Package mdframed Info: mdframed works in twoside mode on input line 1702.
Package mdframed Info: mdframed detected package amsthm 
 changed the theorem header of amsthm
(mdframed)              on input line 1702.
Package mdframed Info: mdframed works in twoside mode on input line 1728.
Package mdframed Info: mdframed detected package amsthm 
 changed the theorem header of amsthm
(mdframed)              on input line 1728.
 [413]
Package mdframed Info: mdframed works in twoside mode on input line 1748.
Package mdframed Info: mdframed detected package amsthm 
 changed the theorem header of amsthm
(mdframed)              on input line 1748.
 [414] [415]
Package mdframed Info: mdframed works in twoside mode on input line 2019.
Package mdframed Info: mdframed detected package amsthm 
 changed the theorem header of amsthm
(mdframed)              on input line 2019.
 [416]
Package mdframed Info: mdframed works in twoside mode on input line 2067.
Package mdframed Info: mdframed detected package amsthm 
 changed the theorem header of amsthm
(mdframed)              on input line 2067.
 [417]
Package mdframed Info: mdframed works in twoside mode on input line 2089.
Package mdframed Info: mdframed detected package amsthm 
 changed the theorem header of amsthm
(mdframed)              on input line 2089.
 [418] [419]
Package mdframed Info: mdframed works in twoside mode on input line 2171.
Package mdframed Info: mdframed detected package amsthm 
 changed the theorem header of amsthm
(mdframed)              on input line 2171.
 [420]
Package mdframed Info: mdframed works in twoside mode on input line 2221.
Package mdframed Info: mdframed detected package amsthm 
 changed the theorem header of amsthm
(mdframed)              on input line 2221.
 [421] [422]
Package mdframed Info: mdframed works in twoside mode on input line 2341.
Package mdframed Info: mdframed detected package amsthm 
 changed the theorem header of amsthm
(mdframed)              on input line 2341.
 [423]
Package mdframed Info: mdframed works in twoside mode on input line 2368.
Package mdframed Info: mdframed detected package amsthm 
 changed the theorem header of amsthm
(mdframed)              on input line 2368.

[424]
Package mdframed Info: mdframed works in twoside mode on input line 2400.
Package mdframed Info: mdframed detected package amsthm 
 changed the theorem header of amsthm
(mdframed)              on input line 2400.
Package mdframed Info: Not enough space on this page on input line 2404.
 [425] [426]
Package mdframed Info: mdframed works in twoside mode on input line 2569.
Package mdframed Info: mdframed detected package amsthm 
 changed the theorem header of amsthm
(mdframed)              on input line 2569.
 [427]
Package mdframed Info: mdframed works in twoside mode on input line 2579.
Package mdframed Info: mdframed detected package amsthm 
 changed the theorem header of amsthm
(mdframed)              on input line 2579.
Package mdframed Info: Not enough space on this page on input line 2583.
Package mdframed Info: mdframed works in twoside mode on input line 2587.
Package mdframed Info: mdframed detected package amsthm 
 changed the theorem header of amsthm
(mdframed)              on input line 2587.
 [428]
File: figure//_page_439_Picture_0.jpeg Graphic file (type bmp)
<figure//_page_439_Picture_0.jpeg>
 [429] [430]
File: figure//_page_442_Figure_1.jpeg Graphic file (type bmp)
<figure//_page_442_Figure_1.jpeg>

Underfull \vbox (badness 2913) has occurred while \output is active []

 [431]
Package mdframed Info: mdframed works in twoside mode on input line 2798.
Package mdframed Info: mdframed detected package amsthm 
 changed the theorem header of amsthm
(mdframed)              on input line 2798.
Package mdframed Info: mdframed works in twoside mode on input line 2816.
Package mdframed Info: mdframed detected package amsthm 
 changed the theorem header of amsthm
(mdframed)              on input line 2816.

[432] [433]
File: figure//_page_444_Figure_8.jpeg Graphic file (type bmp)
<figure//_page_444_Figure_8.jpeg>
Package mdframed Info: mdframed works in twoside mode on input line 2914.
Package mdframed Info: mdframed detected package amsthm 
 changed the theorem header of amsthm
(mdframed)              on input line 2914.
 [434]
Package mdframed Info: mdframed works in twoside mode on input line 2937.
Package mdframed Info: mdframed detected package amsthm 
 changed the theorem header of amsthm
(mdframed)              on input line 2937.
Package mdframed Info: Not enough space on this page on input line 2941.
 [435]
Package mdframed Info: mdframed works in twoside mode on input line 2983.
Package mdframed Info: mdframed detected package amsthm 
 changed the theorem header of amsthm
(mdframed)              on input line 2983.
 [436]
Package mdframed Info: mdframed works in twoside mode on input line 3062.
Package mdframed Info: mdframed detected package amsthm 
 changed the theorem header of amsthm
(mdframed)              on input line 3062.
 [437]
File: figure//_page_450_Figure_1.jpeg Graphic file (type bmp)
<figure//_page_450_Figure_1.jpeg>
 [438] [439] [440]) [441]
\openout2 = `tex/chapter09.aux'.


(./tex/chapter09.tex [442




]
第9章

Package hyperref Warning: Token not allowed in a PDF string (Unicode):
(hyperref)                removing `\(' on input line 7.


Package hyperref Warning: Token not allowed in a PDF string (Unicode):
(hyperref)                removing `\intop' on input line 7.


Package hyperref Warning: Token not allowed in a PDF string (Unicode):
(hyperref)                removing `\ilimits@' on input line 7.


Package hyperref Warning: Token not allowed in a PDF string (Unicode):
(hyperref)                removing `subscript' on input line 7.


Package hyperref Warning: Token not allowed in a PDF string (Unicode):
(hyperref)                removing `superscript' on input line 7.


Package hyperref Warning: Token not allowed in a PDF string (Unicode):
(hyperref)                removing `superscript' on input line 7.


Package hyperref Warning: Token not allowed in a PDF string (Unicode):
(hyperref)                removing `\)' on input line 7.

[443]
File: figure//_page_454_Picture_8.jpeg Graphic file (type bmp)
<figure//_page_454_Picture_8.jpeg>
File: figure//_page_455_Picture_3.jpeg Graphic file (type bmp)
<figure//_page_455_Picture_3.jpeg>

Underfull \vbox (badness 10000) has occurred while \output is active []

 [444]
Package mdframed Info: mdframed works in twoside mode on input line 77.
Package mdframed Info: mdframed detected package amsthm 
 changed the theorem header of amsthm
(mdframed)              on input line 77.
Package mdframed Info: mdframed works in twoside mode on input line 91.
Package mdframed Info: mdframed detected package amsthm 
 changed the theorem header of amsthm
(mdframed)              on input line 91.

[445]
Package mdframed Info: mdframed works in twoside mode on input line 105.
Package mdframed Info: mdframed detected package amsthm 
 changed the theorem header of amsthm
(mdframed)              on input line 105.
Package mdframed Info: Not enough space on this page on input line 109.
Package mdframed Info: mdframed works in twoside mode on input line 115.
Package mdframed Info: mdframed detected package amsthm 
 changed the theorem header of amsthm
(mdframed)              on input line 115.
 [446]
Package mdframed Info: mdframed works in twoside mode on input line 157.
Package mdframed Info: mdframed detected package amsthm 
 changed the theorem header of amsthm
(mdframed)              on input line 157.
Package mdframed Info: Not enough space on this page on input line 161.
Package mdframed Info: mdframed works in twoside mode on input line 173.
Package mdframed Info: mdframed detected package amsthm 
 changed the theorem header of amsthm
(mdframed)              on input line 173.


Package hyperref Warning: Token not allowed in a PDF string (Unicode):
(hyperref)                removing `\(' on input line 187.


Package hyperref Warning: Token not allowed in a PDF string (Unicode):
(hyperref)                removing `\intop' on input line 187.


Package hyperref Warning: Token not allowed in a PDF string (Unicode):
(hyperref)                removing `\ilimits@' on input line 187.


Package hyperref Warning: Token not allowed in a PDF string (Unicode):
(hyperref)                removing `subscript' on input line 187.


Package hyperref Warning: Token not allowed in a PDF string (Unicode):
(hyperref)                removing `superscript' on input line 187.


Package hyperref Warning: Token not allowed in a PDF string (Unicode):
(hyperref)                removing `\)' on input line 187.

[447]
Package mdframed Info: mdframed works in twoside mode on input line 244.
Package mdframed Info: mdframed detected package amsthm 
 changed the theorem header of amsthm
(mdframed)              on input line 244.
 [448]
Package mdframed Info: mdframed works in twoside mode on input line 258.
Package mdframed Info: mdframed detected package amsthm 
 changed the theorem header of amsthm
(mdframed)              on input line 258.
Package mdframed Info: Not enough space on this page on input line 262.
 [449] [450]
Package mdframed Info: mdframed works in twoside mode on input line 394.
Package mdframed Info: mdframed detected package amsthm 
 changed the theorem header of amsthm
(mdframed)              on input line 394.
 [451]
Package mdframed Info: mdframed works in twoside mode on input line 412.
Package mdframed Info: mdframed detected package amsthm 
 changed the theorem header of amsthm
(mdframed)              on input line 412.
 [452]
Package mdframed Info: mdframed works in twoside mode on input line 452.
Package mdframed Info: mdframed detected package amsthm 
 changed the theorem header of amsthm
(mdframed)              on input line 452.
 [453]
Package mdframed Info: mdframed works in twoside mode on input line 512.
Package mdframed Info: mdframed detected package amsthm 
 changed the theorem header of amsthm
(mdframed)              on input line 512.
 [454] [455] [456] [457] [458]
[459]
Package mdframed Info: mdframed works in twoside mode on input line 798.
Package mdframed Info: mdframed detected package amsthm 
 changed the theorem header of amsthm
(mdframed)              on input line 798.
Package mdframed Info: mdframed works in twoside mode on input line 812.
Package mdframed Info: mdframed detected package amsthm 
 changed the theorem header of amsthm
(mdframed)              on input line 812.
 [460]
Package mdframed Info: mdframed works in twoside mode on input line 828.
Package mdframed Info: mdframed detected package amsthm 
 changed the theorem header of amsthm
(mdframed)              on input line 828.
Package mdframed Info: Not enough space on this page on input line 832.
Package mdframed Info: mdframed works in twoside mode on input line 846.
Package mdframed Info: mdframed detected package amsthm 
 changed the theorem header of amsthm
(mdframed)              on input line 846.
 [461]
Underfull \hbox (badness 3229) in paragraph at lines 903--904
[]\TU/KaiTi(0)/m/n/12.045 若 $[][] \LMS/ntxsy/m/n/12.045 j\OML/ntxmi/m/it/12.045
 f\LMS/ntxsy/m/n/12.045 ¹\OML/ntxmi/m/it/12.045 x\LMS/ntxsy/m/n/12.045 ºj\OML/n
txmi/m/it/12.045 dx$ \TU/KaiTi(0)/m/n/12.045 发 散\TU/TeXGyreTermesX(0)/m/n/12.04
5 , \TU/KaiTi(0)/m/n/12.045 但 $[][] \OML/ntxmi/m/it/12.045 f\LMS/ntxsy/m/n/12.0
45 ¹\OML/ntxmi/m/it/12.045 x\LMS/ntxsy/m/n/12.045 º\OML/ntxmi/m/it/12.045 dx$ \
TU/KaiTi(0)/m/n/12.045 收 敛\TU/TeXGyreTermesX(0)/m/n/12.045 , \TU/KaiTi(0)/m/n/1
2.045 则 称 广 义 积 分
 []

Package mdframed Info: mdframed works in twoside mode on input line 927.
Package mdframed Info: mdframed detected package amsthm 
 changed the theorem header of amsthm
(mdframed)              on input line 927.
Package mdframed Info: mdframed works in twoside mode on input line 935.
Package mdframed Info: mdframed detected package amsthm 
 changed the theorem header of amsthm
(mdframed)              on input line 935.
[462]
Package mdframed Info: mdframed works in twoside mode on input line 945.
Package mdframed Info: mdframed detected package amsthm 
 changed the theorem header of amsthm
(mdframed)              on input line 945.
Package mdframed Info: mdframed works in twoside mode on input line 964.
Package mdframed Info: mdframed detected package amsthm 
 changed the theorem header of amsthm
(mdframed)              on input line 964.
 [463] [464] [465]
Package mdframed Info: mdframed works in twoside mode on input line 1133.
Package mdframed Info: mdframed detected package amsthm 
 changed the theorem header of amsthm
(mdframed)              on input line 1133.
 [466]
Package mdframed Info: mdframed works in twoside mode on input line 1195.
Package mdframed Info: mdframed detected package amsthm 
 changed the theorem header of amsthm
(mdframed)              on input line 1195.
 [467]
Package mdframed Info: mdframed works in twoside mode on input line 1231.
Package mdframed Info: mdframed detected package amsthm 
 changed the theorem header of amsthm
(mdframed)              on input line 1231.
 [468] [469]) [470]
\openout2 = `tex/chapter10.aux'.

 (./tex/chapter10.tex
第10章
[471




]
Package mdframed Info: mdframed works in twoside mode on input line 61.
Package mdframed Info: mdframed detected package amsthm 
 changed the theorem header of amsthm
(mdframed)              on input line 61.
 [472]
Package mdframed Info: mdframed works in twoside mode on input line 95.
Package mdframed Info: mdframed detected package amsthm 
 changed the theorem header of amsthm
(mdframed)              on input line 95.
Package mdframed Info: Not enough space on this page on input line 99.
Package mdframed Info: mdframed works in twoside mode on input line 107.
Package mdframed Info: mdframed detected package amsthm 
 changed the theorem header of amsthm
(mdframed)              on input line 107.
File: figure//_page_488_Picture_1.jpeg Graphic file (type bmp)
<figure//_page_488_Picture_1.jpeg>
 [473] [474] [475]
Package mdframed Info: mdframed works in twoside mode on input line 263.
Package mdframed Info: mdframed detected package amsthm 
 changed the theorem header of amsthm
(mdframed)              on input line 263.
 [476]
Package mdframed Info: mdframed works in twoside mode on input line 273.
Package mdframed Info: mdframed detected package amsthm 
 changed the theorem header of amsthm
(mdframed)              on input line 273.
Package mdframed Info: Not enough space on this page on input line 277.
Package mdframed Info: mdframed works in twoside mode on input line 291.
Package mdframed Info: mdframed detected package amsthm 
 changed the theorem header of amsthm
(mdframed)              on input line 291.

Underfull \hbox (badness 1448) in paragraph at lines 312--313
[]\TU/TeXGyreTermesX(0)/m/n/12.045 1)$\LMS/ntxsy/m/n/12.045 8\OML/ntxmi/m/it/12
.045 f \LMS/ntxsy/m/n/12.045 2 \OML/ntxmi/m/it/12.045 C[]\LMS/ntxsy/m/n/12.045 
¹»\OML/ntxmi/m/it/12.045 a; b\LMS/ntxsy/m/n/12.045 ¼\OML/ntxmi/m/it/12.045 ; C\
LMS/ntxsy/m/n/12.045 º\OML/ntxmi/m/it/12.045 ; \LMS/ntxsy/m/n/12.045 k\OML/ntxm
i/m/it/12.045 f\LMS/ntxsy/m/n/12.045 k[] \U/ntxsym/m/n/12.045 ¾ \OT1/minntx/m/n
/12.045 0$ \TU/TeXGyreTermesX(0)/m/n/12.045 , \TU/SourceHanSerifCN(0)/m/n/12.04
5 并 且 $\LMS/ntxsy/m/n/12.045 k\OML/ntxmi/m/it/12.045 f\LMS/ntxsy/m/n/12.045 k[]
 \U/ntxmia/m/it/12.045 = \OT1/minntx/m/n/12.045 0  \LMS/ntxsy/m/n/12.045 ([])
 []

[477]
Package mdframed Info: mdframed works in twoside mode on input line 331.
Package mdframed Info: mdframed detected package amsthm 
 changed the theorem header of amsthm
(mdframed)              on input line 331.
 [478]
Package mdframed Info: mdframed works in twoside mode on input line 409.
Package mdframed Info: mdframed detected package amsthm 
 changed the theorem header of amsthm
(mdframed)              on input line 409.

Underfull \hbox (badness 10000) in paragraph at lines 454--455
[]\TU/TeXGyreTermesX(0)/m/n/12.045 1)$\LMS/ntxsy/m/n/12.045 8\OML/ntxmi/m/it/12
.045 f; g \LMS/ntxsy/m/n/12.045 2 \OML/ntxmi/m/it/12.045 C[]\LMS/ntxsy/m/n/12.0
45 ¹»\OT1/minntx/m/n/12.045 0\OML/ntxmi/m/it/12.045 ; \OT1/minntx/m/n/12.045 1\
LMS/ntxsy/m/n/12.045 ¼\OML/ntxmi/m/it/12.045 ; R\LMS/ntxsy/m/n/12.045 º$ \TU/Te
XGyreTermesX(0)/m/n/12.045 , \TU/KaiTi(0)/m/n/12.045 我 们 令 $\OML/ntxmi/m/it/12.
045 d[]\LMS/ntxsy/m/n/12.045 ¹\OML/ntxmi/m/it/12.045 f; g\LMS/ntxsy/m/n/12.045 
º \U/ntxmia/m/it/12.045 =
 []


Underfull \hbox (badness 10000) in paragraph at lines 454--455
[][] \LMS/ntxsy/m/n/12.045 j\OML/ntxmi/m/it/12.045 f\LMS/ntxsy/m/n/12.045 ¹\OML
/ntxmi/m/it/12.045 x\LMS/ntxsy/m/n/12.045 º\OML/ntxmi/m/it/12.045 g\LMS/ntxsy/m
/n/12.045 ¹\OML/ntxmi/m/it/12.045 x\LMS/ntxsy/m/n/12.045 ºj\OML/ntxmi/m/it/12.0
45 ;$$d[]\LMS/ntxsy/m/n/12.045 ¹\OML/ntxmi/m/it/12.045 f; g\LMS/ntxsy/m/n/12.04
5 º \U/ntxmia/m/it/12.045 = [][] \LMS/ntxsy/m/n/12.045 j\OML/ntxmi/m/it/12.045 
f[]\LMS/ntxsy/m/n/12.045 ¹\OML/ntxmi/m/it/12.045 x\LMS/ntxsy/m/n/12.045 º\OML/n
txmi/m/it/12.045 g[]\LMS/ntxsy/m/n/12.045 ¹\OML/ntxmi/m/it/12.045 x\LMS/ntxsy/m
/n/12.045 ºj Ï
 []


Underfull \hbox (badness 4217) in paragraph at lines 454--455
\LMS/ntxsy/m/n/12.045 j\OML/ntxmi/m/it/12.045 f\LMS/ntxsy/m/n/12.045 ¹\OT1/minn
tx/m/n/12.045 0\LMS/ntxsy/m/n/12.045 º\OML/ntxmi/m/it/12.045 g\LMS/ntxsy/m/n/12
.045 ¹\OT1/minntx/m/n/12.045 0\LMS/ntxsy/m/n/12.045 ºj\OML/ntxmi/m/it/12.045 ;$
$d[]\LMS/ntxsy/m/n/12.045 ¹\OML/ntxmi/m/it/12.045 f; g\LMS/ntxsy/m/n/12.045 º \
U/ntxmia/m/it/12.045 = [][] \LMS/ntxsy/m/n/12.045 j\OML/ntxmi/m/it/12.045 f[]\L
MS/ntxsy/m/n/12.045 ¹\OML/ntxmi/m/it/12.045 x\LMS/ntxsy/m/n/12.045 º\OML/ntxmi/
m/it/12.045 g[]\LMS/ntxsy/m/n/12.045 ¹\OML/ntxmi/m/it/12.045 x\LMS/ntxsy/m/n/12
.045 ºj Ï j\OML/ntxmi/m/it/12.045 f[]\LMS/ntxsy/m/n/12.045 ¹\OT1/minntx/m/n/12.
045 0\LMS/ntxsy/m/n/12.045 º\OML/ntxmi/m/it/12.045 g[]\LMS/ntxsy/m/n/12.045 ¹\O
T1/minntx/m/n/12.045 0\LMS/ntxsy/m/n/12.045 ºj$
 []

Package mdframed Info: Box was splittet wrong
 starting loop to iterate the splitting point
(mdframed)              on input line 591.
[479] [480]
Underfull \vbox (badness 4531) has occurred while \output is active []

 [481]
Package mdframed Info: mdframed works in twoside mode on input line 625.
Package mdframed Info: mdframed detected package amsthm 
 changed the theorem header of amsthm
(mdframed)              on input line 625.
Package mdframed Info: mdframed works in twoside mode on input line 631.
Package mdframed Info: mdframed detected package amsthm 
 changed the theorem header of amsthm
(mdframed)              on input line 631.

[482]
File: figure//_page_497_Picture_1.jpeg Graphic file (type bmp)
<figure//_page_497_Picture_1.jpeg>
 [483]
File: figure//_page_497_Picture_6.jpeg Graphic file (type bmp)
<figure//_page_497_Picture_6.jpeg>
Package mdframed Info: mdframed works in twoside mode on input line 719.
Package mdframed Info: mdframed detected package amsthm 
 changed the theorem header of amsthm
(mdframed)              on input line 719.
 [484]
File: figure//_page_499_Picture_3.jpeg Graphic file (type bmp)
<figure//_page_499_Picture_3.jpeg>

Underfull \vbox (badness 10000) has occurred while \output is active []

 [485]
File: figure//_page_499_Picture_5.jpeg Graphic file (type bmp)
<figure//_page_499_Picture_5.jpeg>

[486] [487] [488]
Package mdframed Info: mdframed works in twoside mode on input line 1019.
Package mdframed Info: mdframed detected package amsthm 
 changed the theorem header of amsthm
(mdframed)              on input line 1019.
 [489]
Package mdframed Info: mdframed works in twoside mode on input line 1027.
Package mdframed Info: mdframed detected package amsthm 
 changed the theorem header of amsthm
(mdframed)              on input line 1027.
Package mdframed Info: Not enough space on this page on input line 1031.
Package mdframed Info: mdframed works in twoside mode on input line 1039.
Package mdframed Info: mdframed detected package amsthm 
 changed the theorem header of amsthm
(mdframed)              on input line 1039.
File: figure//_page_503_Picture_1.jpeg Graphic file (type bmp)
<figure//_page_503_Picture_1.jpeg>
 [490]
Package mdframed Info: mdframed works in twoside mode on input line 1096.
Package mdframed Info: mdframed detected package amsthm 
 changed the theorem header of amsthm
(mdframed)              on input line 1096.
 [491]
File: figure//_page_504_Picture_8.jpeg Graphic file (type bmp)
<figure//_page_504_Picture_8.jpeg>
 [492]
Package mdframed Info: mdframed works in twoside mode on input line 1174.
Package mdframed Info: mdframed detected package amsthm 
 changed the theorem header of amsthm
(mdframed)              on input line 1174.
Package mdframed Info: mdframed works in twoside mode on input line 1184.
Package mdframed Info: mdframed detected package amsthm 
 changed the theorem header of amsthm
(mdframed)              on input line 1184.
File: figure//_page_506_Figure_0.jpeg Graphic file (type bmp)
<figure//_page_506_Figure_0.jpeg>
 [493]
Package mdframed Info: mdframed works in twoside mode on input line 1234.
Package mdframed Info: mdframed detected package amsthm 
 changed the theorem header of amsthm
(mdframed)              on input line 1234.


LaTeX Font Warning: Font shape `TU/KaiTi(0)/m/it' undefined
(Font)              using `TU/KaiTi(0)/m/n' instead on input line 1327.

[494]
Underfull \vbox (badness 4621) has occurred while \output is active []

 [495]
Package mdframed Info: mdframed works in twoside mode on input line 1460.
Package mdframed Info: mdframed detected package amsthm 
 changed the theorem header of amsthm
(mdframed)              on input line 1460.
Package mdframed Info: mdframed works in twoside mode on input line 1466.
Package mdframed Info: mdframed detected package amsthm 
 changed the theorem header of amsthm
(mdframed)              on input line 1466.
Package mdframed Info: mdframed works in twoside mode on input line 1474.
Package mdframed Info: mdframed detected package amsthm 
 changed the theorem header of amsthm
(mdframed)              on input line 1474.

[496] [497]
Package mdframed Info: mdframed works in twoside mode on input line 1589.
Package mdframed Info: mdframed detected package amsthm 
 changed the theorem header of amsthm
(mdframed)              on input line 1589.
 [498]
Package mdframed Info: mdframed works in twoside mode on input line 1631.
Package mdframed Info: mdframed detected package amsthm 
 changed the theorem header of amsthm
(mdframed)              on input line 1631.
 [499] [500]
Package mdframed Info: mdframed works in twoside mode on input line 1741.
Package mdframed Info: mdframed detected package amsthm 
 changed the theorem header of amsthm
(mdframed)              on input line 1741.
 [501]
Package mdframed Info: mdframed works in twoside mode on input line 1763.
Package mdframed Info: mdframed detected package amsthm 
 changed the theorem header of amsthm
(mdframed)              on input line 1763.
Package mdframed Info: Not enough space on this page on input line 1767.
Package mdframed Info: mdframed works in twoside mode on input line 1799.
Package mdframed Info: mdframed detected package amsthm 
 changed the theorem header of amsthm
(mdframed)              on input line 1799.
 [502]
Package mdframed Info: mdframed works in twoside mode on input line 1817.
Package mdframed Info: mdframed detected package amsthm 
 changed the theorem header of amsthm
(mdframed)              on input line 1817.
 [503]
Package mdframed Info: mdframed works in twoside mode on input line 1904.
Package mdframed Info: mdframed detected package amsthm 
 changed the theorem header of amsthm
(mdframed)              on input line 1904.
 [504]
File: figure//_page_517_Picture_8.jpeg Graphic file (type bmp)
<figure//_page_517_Picture_8.jpeg>
 [505] [506]
Package mdframed Info: mdframed works in twoside mode on input line 2026.
Package mdframed Info: mdframed detected package amsthm 
 changed the theorem header of amsthm
(mdframed)              on input line 2026.
 [507]
Package mdframed Info: mdframed works in twoside mode on input line 2048.
Package mdframed Info: mdframed detected package amsthm 
 changed the theorem header of amsthm
(mdframed)              on input line 2048.
Package mdframed Info: Not enough space on this page on input line 2052.
Package mdframed Info: mdframed works in twoside mode on input line 2066.
Package mdframed Info: mdframed detected package amsthm 
 changed the theorem header of amsthm
(mdframed)              on input line 2066.

[508]
Package mdframed Info: mdframed works in twoside mode on input line 2122.
Package mdframed Info: mdframed detected package amsthm 
 changed the theorem header of amsthm
(mdframed)              on input line 2122.
Package mdframed Info: mdframed works in twoside mode on input line 2138.
Package mdframed Info: mdframed detected package amsthm 
 changed the theorem header of amsthm
(mdframed)              on input line 2138.
File: figure//_page_522_Picture_1.jpeg Graphic file (type bmp)
<figure//_page_522_Picture_1.jpeg>

Underfull \vbox (badness 10000) has occurred while \output is active []

 [509]
[510]
Package mdframed Info: mdframed works in twoside mode on input line 2211.
Package mdframed Info: mdframed detected package amsthm 
 changed the theorem header of amsthm
(mdframed)              on input line 2211.
Package mdframed Info: mdframed works in twoside mode on input line 2227.
Package mdframed Info: mdframed detected package amsthm 
 changed the theorem header of amsthm
(mdframed)              on input line 2227.
 [511] [512] [513] [514] [515] [516]
Package mdframed Info: mdframed works in twoside mode on input line 2619.
Package mdframed Info: mdframed detected package amsthm 
 changed the theorem header of amsthm
(mdframed)              on input line 2619.
Package mdframed Info: Not enough space on this page on input line 2623.
 [517] [518] [519]
Package mdframed Info: mdframed works in twoside mode on input line 2765.
Package mdframed Info: mdframed detected package amsthm 
 changed the theorem header of amsthm
(mdframed)              on input line 2765.
 [520]
Underfull \vbox (badness 10000) has occurred while \output is active []

 [521]
[522] [523] [524] [525] [526]
Package mdframed Info: mdframed works in twoside mode on input line 3180.
Package mdframed Info: mdframed detected package amsthm 
 changed the theorem header of amsthm
(mdframed)              on input line 3180.
 [527]
Package mdframed Info: mdframed works in twoside mode on input line 3254.
Package mdframed Info: mdframed detected package amsthm 
 changed the theorem header of amsthm
(mdframed)              on input line 3254.
 [528] [529]
Package mdframed Info: mdframed works in twoside mode on input line 3322.
Package mdframed Info: mdframed detected package amsthm 
 changed the theorem header of amsthm
(mdframed)              on input line 3322.
 [530]
Package mdframed Info: mdframed works in twoside mode on input line 3394.
Package mdframed Info: mdframed detected package amsthm 
 changed the theorem header of amsthm
(mdframed)              on input line 3394.
 [531] [532]
Underfull \vbox (badness 6078) has occurred while \output is active []

 [533]
Package mdframed Info: mdframed works in twoside mode on input line 3663.
Package mdframed Info: mdframed detected package amsthm 
 changed the theorem header of amsthm
(mdframed)              on input line 3663.

[534] [535]
Package mdframed Info: mdframed works in twoside mode on input line 3770.
Package mdframed Info: mdframed detected package amsthm 
 changed the theorem header of amsthm
(mdframed)              on input line 3770.
Package mdframed Info: mdframed works in twoside mode on input line 3782.
Package mdframed Info: mdframed detected package amsthm 
 changed the theorem header of amsthm
(mdframed)              on input line 3782.
 [536]
Underfull \hbox (badness 1448) in paragraph at lines 3844--3845
[]\TU/SourceHanSerifCN(0)/m/n/12.045 由 于  |「连 续\TU/TeXGyreTermesX(0)/m/n/12.045
 , \TU/SourceHanSerifCN(0)/m/n/12.045 故 $\OML/ntxmi/m/it/12.045 f[]\LMS/ntxsy/m
/n/12.045 ¹\OML/ntxmi/m/it/12.045 C\LMS/ntxsy/m/n/12.045 º$ \TU/SourceHanSerifC
N(0)/m/n/12.045 与 $\OML/ntxmi/m/it/12.045 f[]\LMS/ntxsy/m/n/12.045 ¹\OML/ntxmi/
m/it/12.045 D\LMS/ntxsy/m/n/12.045 º$ \TU/SourceHanSerifCN(0)/m/n/12.045 是 \TU/
TeXGyreTermesX(0)/m/n/12.045 A \TU/SourceHanSerifCN(0)/m/n/12.045 的 两 个 非 空 开 集
\TU/TeXGyreTermesX(0)/m/n/12.045 , \TU/SourceHanSerifCN(0)/m/n/12.045 并 且
 []

[537]
Package mdframed Info: mdframed works in twoside mode on input line 3854.
Package mdframed Info: mdframed detected package amsthm 
 changed the theorem header of amsthm
(mdframed)              on input line 3854.
Package mdframed Info: mdframed works in twoside mode on input line 3882.
Package mdframed Info: mdframed detected package amsthm 
 changed the theorem header of amsthm
(mdframed)              on input line 3882.
 [538] [539]
Package mdframed Info: mdframed works in twoside mode on input line 3978.
Package mdframed Info: mdframed detected package amsthm 
 changed the theorem header of amsthm
(mdframed)              on input line 3978.
Package mdframed Info: mdframed works in twoside mode on input line 3994.
Package mdframed Info: mdframed detected package amsthm 
 changed the theorem header of amsthm
(mdframed)              on input line 3994.
 [540]
Package mdframed Info: mdframed works in twoside mode on input line 4024.
Package mdframed Info: mdframed detected package amsthm 
 changed the theorem header of amsthm
(mdframed)              on input line 4024.
 [541]
Package mdframed Info: mdframed works in twoside mode on input line 4056.
Package mdframed Info: mdframed detected package amsthm 
 changed the theorem header of amsthm
(mdframed)              on input line 4056.
Package mdframed Info: Not enough space on this page on input line 4060.
File: figure//_page_555_Figure_10.jpeg Graphic file (type bmp)
<figure//_page_555_Figure_10.jpeg>
 [542] [543]
Package mdframed Info: mdframed works in twoside mode on input line 4142.
Package mdframed Info: mdframed detected package amsthm 
 changed the theorem header of amsthm
(mdframed)              on input line 4142.
Package mdframed Info: Not enough space on this page on input line 4146.
Package mdframed Info: mdframed works in twoside mode on input line 4150.
Package mdframed Info: mdframed detected package amsthm 
 changed the theorem header of amsthm
(mdframed)              on input line 4150.
 [544]) [545] [546



]
\openout2 = `tex/symbol_index.aux'.


(./tex/symbol_index.tex [547


]) [548]
\openout2 = `tex/term_index.aux'.

 (./tex/term_index.tex
Overfull \hbox (4.39403pt too wide) in paragraph at lines 40--40
[]|\TU/TeXGyreTermesX(0)/m/n/12.045 Carathéodory~|  
 []

[549




] [550] [551]) [552]

enddocument/afterlastpage: lastpage setting LastPage.
(./Analysis_1_zou.aux (./tex/frontmatter.aux) (./tex/chapter01.aux)
(./tex/chapter02.aux) (./tex/chapter03.aux) (./tex/chapter04.aux)
(./tex/chapter05.aux) (./tex/chapter06.aux) (./tex/chapter07.aux)
(./tex/chapter08.aux) (./tex/chapter09.aux) (./tex/chapter10.aux)
(./tex/symbol_index.aux) (./tex/term_index.aux))

LaTeX Font Warning: Some font shapes were not available, defaults substituted.

Package rerunfilecheck Info: File `Analysis_1_zou.hd' has not changed.
(rerunfilecheck)             Checksum: D41D8CD98F00B204E9800998ECF8427E;0.
Package logreq Info: Writing requests to 'Analysis_1_zou.run.xml'.
\openout1 = `Analysis_1_zou.run.xml'.

 ) 
Here is how much of TeX's memory you used:
 64073 strings out of 476683
 1480175 string characters out of 5807576
 2344927 words of memory out of 5000000
 83011 multiletter control sequences out of 15000+600000
 586348 words of font info for 330 fonts, out of 8000000 for 9000
 1348 hyphenation exceptions out of 8191
 105i,18n,131p,1594b,3168s stack positions out of 10000i,1000n,20000p,200000b,200000s

Output written on Analysis_1_zou.pdf (568 pages).
